Year,month,day,leg,side,mileage,distance,species
1992,1,20,A,L,0.3,24,LECA
1992,1,20,B,R,6.1,23,LECA
1992,1,20,C,R,13.3,14,LECA
1992,1,20,D,L,17.5,3,LECA
1992,1,20,D,R,17.6,73,LECA
1992,1,20,D,L,17.9,47,LECA
1992,1,20,D,R,18.4,76,LECA
1992,1,20,D,L,18.7,1,LECA
1992,1,20,D,R,18.8,90,LECA
1992,1,20,D,R,20.3,9,LECA
1992,1,20,D,R,20.6,35,LECA
1992,4,20,A,L,2.4,2,LECA
1992,4,20,A,R,4.4,2,LECA
1992,4,20,B,L,7.8,27,LECA
1992,4,20,C,R,11.3,3,LECA
1992,4,20,C,R,11.8,11,LECA
1992,4,20,C,R,13.9,14,LECA
1992,4,20,D,L,16.9,22,LECA
1992,4,20,D,R,17.7,19,LECA
1992,4,20,D,R,17.7,15,LECA
1992,4,20,D,L,17.8,82,LECA
1992,4,20,D,L,18.1,13,LECA
1992,4,20,D,L,18.2,4,LECA
1992,4,20,D,R,18.8,5,LECA
1992,4,20,D,C,18.9,0,LECA
1992,4,20,D,L,19.1,2,LECA
1992,4,20,D,L,19.6,6,LECA
1992,4,20,D,R,20.3,14,LECA
1992,4,20,D,L,20.4,2,LECA
1992,4,20,D,R,20.7,14,LECA
1992,4,20,D,L,20.9,3,LECA
1992,4,20,D,L,21.6,5,LECA
1992,7,22,A,L,1.3,2,LECA
1992,7,22,B,L,6.3,3,LECA
1992,7,22,B,R,8.8,26,LECA
1992,7,22,C,L,10.6,52,LECA
1992,7,22,C,L,12.6,67,LECA
1992,7,22,C,R,15.9,28,LECA
1992,7,22,C,R,16,21,LECA
1992,7,22,D,R,16.2,35,LECA
1992,7,22,D,R,17.7,22,LECA
1992,7,22,D,R,18,3,LECA
1992,7,22,D,L,18,4,SYAU
1992,7,22,D,R,20.8,11,LECA
1992,10,26,A,R,0.9,37,SYAU
1992,10,26,B,L,5.9,14,LECA
1992,10,26,B,R,6.6,36,LECA
1992,10,26,B,L,8.8,37,LECA
1992,10,26,B,L,9.1,52,LECA
1992,10,26,B,L,9.1,77,LECA
1992,10,26,C,R,11,5,LECA
1992,10,26,C,R,11.2,68,LECA
1992,10,26,C,L,11.5,16,LECA
1992,10,26,C,R,13.2,51,LECA
1992,10,26,C,R,15.2,81,LECA
1992,10,26,D,L,17.2,2,LECA
1992,10,26,D,L,17.3,2,LECA
1992,10,26,D,L,17.7,30,LECA
1992,10,26,D,L,17.9,8,LECA
1992,10,26,D,R,18,48,LECA
1992,10,26,D,L,20.9,2,LECA
1992,10,26,D,R,20.9,36,LECA
1993,1,12,A,L,0.5,79,LECA
1993,1,12,A,R,0.7,12,LECA
1993,1,12,A,R,2.1,1,LECA
1993,1,12,A,R,3.2,29,LECA
1993,1,12,B,L,7.4,36,LECA
1993,1,12,B,L,8.8,86,LECA
1993,1,12,C,L,11.3,61,LECA
1993,1,12,C,L,12,82,LECA
1993,1,12,C,L,12,82,LECA
1993,1,12,C,L,12.1,23,LECA
1993,1,12,C,L,12.2,16,LECA
1993,1,12,C,R,14,55,LECA
1993,1,12,C,R,14.3,21,LECA
1993,1,12,D,R,17.6,2,LECA
1993,1,12,D,L,17.7,5,LECA
1993,1,12,D,R,17.8,24,LECA
1993,1,12,D,L,17.9,31,LECA
1993,1,12,D,L,18,88,LECA
1993,1,12,D,R,18.4,89,LECA
1993,1,12,D,R,20.3,11,LECA
1993,1,12,D,R,21.2,32,LECA
1993,1,12,D,R,21.4,79,LECA
1993,4,20,A,L,1,2,SYAU
1993,4,20,A,R,1.3,1,LECA
1993,4,20,A,C,1.5,0,LECA
1993,4,20,A,R,1.9,19,SYAU
1993,4,20,A,L,2.4,2,LECA
1993,4,20,A,L,3,2,LECA
1993,4,20,A,R,3,37,LECA
1993,4,20,A,R,3.5,44,LECA
1993,4,20,A,L,4.3,1,LECA
1993,4,20,A,R,4.4,11,LECA
1993,4,20,A,L,4.5,22,LECA
1993,4,20,B,L,6.3,2,LECA
1993,4,20,B,R,7.1,44,LECA
1993,4,20,B,R,8.6,5,LECA
1993,4,20,B,C,8.6,0,LECA
1993,4,20,B,R,9.4,4,LECA
1993,4,20,B,L,9.5,6,LECA
1993,4,20,B,L,9.6,2,LECA
1993,4,20,B,L,9.6,2,LECA
1993,4,20,B,R,9.6,9,LECA
1993,4,20,C,L,10.6,2,LECA
1993,4,20,C,L,11.3,3,LECA
1993,4,20,C,L,11.5,2,LECA
1993,4,20,C,R,12.6,2,LECA
1993,4,20,C,R,12.6,2,LECA
1993,4,20,C,L,12.7,24,LECA
1993,4,20,C,R,12.8,60,LECA
1993,4,20,C,L,12.9,2,LECA
1993,4,20,C,L,12.9,3,LECA
1993,4,20,C,L,13,1,LECA
1993,4,20,C,L,13.5,26,LECA
1993,4,20,C,R,13.6,25,LECA
1993,4,20,C,L,13.6,1,LECA
1993,4,20,C,C,15.3,0,LECA
1993,4,20,D,L,16.3,1,LECA
1993,4,20,D,L,16.9,23,LECA
1993,4,20,D,L,17.6,1,LECA
1993,4,20,D,L,17.6,1,LECA
1993,4,20,D,C,18.1,0,LECA
1993,4,20,D,C,18.4,0,LECA
1993,4,20,D,L,18.4,27,LECA
1993,4,20,D,R,18.8,4,LECA
1993,4,20,D,L,18.9,14,LECA
1993,4,20,D,L,19.2,41,LECA
1993,4,20,D,L,20,13,LECA
1993,4,20,D,L,20.8,1,LECA
1993,7,20,A,R,1.7,5,LECA
1993,7,20,A,R,2.3,0,LECA
1993,7,20,A,L,2.5,1,LECA
1993,7,20,A,L,2.5,9,SYAU
1993,7,20,A,L,2.9,1,LECA
1993,7,20,A,R,3.1,12,LECA
1993,7,20,A,R,3.7,5,LECA
1993,7,20,A,R,3.9,43,LECA
1993,7,20,A,L,4.5,35,LECA
1993,7,20,A,R,4.7,1,SYAU
1993,7,20,A,L,4.7,29,LECA
1993,7,20,A,L,5.2,28,LECA
1993,7,20,A,L,5.3,31,LECA
1993,7,20,B,R,6.5,20,LECA
1993,7,20,B,R,7,20,LECA
1993,7,20,B,L,7.3,35,LECA
1993,7,20,B,L,7.9,18,LECA
1993,7,20,B,L,8.8,16,LECA
1993,7,20,B,R,8.9,43,LECA
1993,7,20,B,C,9.6,0,LECA
1993,7,20,B,C,9.7,0,LECA
1993,7,20,C,L,10.5,7,LECA
1993,7,20,C,R,12,2,LECA
1993,7,20,C,L,12.2,1,SYAU
1993,7,20,C,R,12.7,43,LECA
1993,7,20,C,R,12.9,0,LECA
1993,7,20,D,R,17.4,15,LECA
1993,7,20,D,R,17.6,6,LECA
1993,7,20,D,L,19,12,LECA
1993,7,20,D,L,19.7,2,LECA
1993,7,20,D,L,19.8,5,LECA
1993,7,20,D,R,20.1,25,LECA
1993,7,20,D,L,20.9,1,LECA
1993,7,20,D,R,21,7,LECA
1993,7,20,D,R,21,10,LECA
1993,10,27,A,L,1.1,2,LECA
1993,10,27,A,L,3.2,1,LECA
1993,10,27,A,R,4.1,6,LECA
1993,10,27,A,R,4.8,68,LECA
1993,10,27,B,L,6.7,9,LECA
1993,10,27,B,L,6.9,1,LECA
1993,10,27,B,R,7.2,25,LECA
1993,10,27,B,L,7.8,15,SYAU
1993,10,27,B,L,8.5,37,LECA
1993,10,27,B,L,9.1,44,LECA
1993,10,27,B,L,9.1,48,LECA
1993,10,27,B,L,9.6,2,LECA
1993,10,27,C,L,11.3,62,LECA
1993,10,27,C,L,11.7,75,LECA
1993,10,27,C,L,11.8,16,LECA
1993,10,27,C,C,12.6,0,LECA
1993,10,27,C,R,13.1,1,LECA
1993,10,27,D,R,16.2,72,LECA
1993,10,27,D,R,16.6,56,LECA
1993,10,27,D,R,16.6,55,LECA
1993,10,27,D,R,16.9,12,LECA
1993,10,27,D,R,17.1,68,LECA
1993,10,27,D,R,17.7,75,LECA
1993,10,27,D,L,18.6,53,LECA
1993,10,27,D,R,19.3,29,LECA
1993,10,27,D,L,20.4,6,LECA
1993,10,27,D,C,20.5,0,LECA
1993,10,27,D,L,20.6,11,LECA
1993,10,27,D,L,21.2,20,LECA
1993,10,27,D,R,21.6,12,LECA
1993,10,27,D,R,21.6,13,LECA
1994,1,26,A,R,3.3,20,LECA
1994,1,26,A,C,3.7,0,LECA
1994,1,26,A,L,5.7,56,LECA
1994,1,26,A,L,5.7,77,LECA
1994,1,26,B,R,6.7,51,LECA
1994,1,26,B,R,7.3,3,LECA
1994,1,26,B,R,7.4,36,LECA
1994,1,26,B,R,9.3,51,LECA
1994,1,26,C,R,10.2,15,LECA
1994,1,26,C,R,11.8,29,LECA
1994,1,26,C,L,12.1,15,SYAU
1994,1,26,C,L,13,18,LECA
1994,1,26,D,L,19.8,54,LECA
1994,4,19,A,R,0.15,0,LECA
1994,4,19,A,L,0.4,31,LECA
1994,4,19,A,L,1,11,LECA
1994,4,19,A,R,1.6,9,LECA
1994,4,19,A,L,5.3,52,LECA
1994,4,19,A,L,5.7,58,LECA
1994,4,19,B,R,7.1,30,LECA
1994,4,19,B,L,7.3,32,LECA
1994,4,19,B,L,7.5,17,LECA
1994,4,19,B,L,7.8,0,LECA
1994,4,19,B,L,8.6,33,LECA
1994,4,19,B,R,9.6,77,LECA
1994,4,19,B,R,9.9,12,LECA
1994,4,19,C,L,10.2,3,SYAU
1994,4,19,C,L,10.9,22,SYAU
1994,4,19,C,L,12.2,2,LECA
1994,4,19,C,R,12.6,2,LECA
1994,4,19,C,R,12.9,47,LECA
1994,4,19,C,L,12.9,64,LECA
1994,4,19,C,R,13,35,LECA
1994,4,19,C,L,13.1,1,LECA
1994,4,19,C,C,13.2,0,LECA
1994,4,19,C,R,13.4,64,LECA
1994,4,19,C,R,13.6,3,LECA
1994,4,19,C,R,14,4,LECA
1994,4,19,C,R,14,3,LECA
1994,4,19,C,R,14,44,LECA
1994,4,19,C,L,14.2,26,LECA
1994,4,19,D,L,16.2,2,LECA
1994,4,19,D,R,16.2,70,LECA
1994,4,19,D,L,16.6,27,LECA
1994,4,19,D,L,16.6,27,LECA
1994,4,19,D,L,16.9,51,LECA
1994,4,19,D,L,16.9,64,LECA
1994,4,19,D,L,16.9,64,LECA
1994,4,19,D,L,16.9,21,LECA
1994,4,19,D,L,17.2,5,LECA
1994,4,19,D,R,17.3,31,LECA
1994,4,19,D,L,17.6,2,LECA
1994,4,19,D,R,17.6,17,LECA
1994,4,19,D,R,17.6,23,LECA
1994,4,19,D,R,17.7,50,SYAU
1994,4,19,D,L,18,2,LECA
1994,4,19,D,R,18,2,LECA
1994,4,19,D,L,18.5,49,LECA
1994,4,19,D,R,18.7,48,LECA
1994,4,19,D,R,19.1,39,LECA
1994,4,19,D,L,19.6,3,LECA
1994,4,19,D,L,20.2,12,LECA
1994,4,19,D,L,20.4,4,LECA
1994,4,19,D,L,20.8,9,LECA
1994,4,19,D,R,20.8,9,LECA
1994,4,19,D,L,21.2,5,LECA
1994,4,19,D,L,21.2,40,LECA
1994,8,1,A,R,0.2,36,LECA
1994,8,1,A,R,0.2,20,LECA
1994,8,1,A,L,0.7,1,LECA
1994,8,1,A,R,1.3,3,LECA
1994,8,1,A,R,1.9,1,LECA
1994,8,1,A,R,3.1,41,LECA
1994,8,1,A,R,4.8,3,LECA
1994,8,1,A,R,5,59,LECA
1994,8,1,A,L,5.4,42,LECA
1994,8,1,A,R,5.7,35,LECA
1994,8,1,B,L,7.1,50,LECA
1994,8,1,B,R,7.5,10,LECA
1994,8,1,B,L,7.8,34,LECA
1994,8,1,B,R,8.2,29,LECA
1994,8,1,B,L,8.7,49,LECA
1994,8,1,B,C,8.9,0,LECA
1994,8,1,B,L,9.9,21,LECA
1994,8,1,C,R,10.7,57,LECA
1994,8,1,C,R,12.7,32,LECA
1994,8,1,C,R,12.9,13,LECA
1994,8,1,C,L,12.9,3,LECA
1994,8,1,C,R,13.1,43,LECA
1994,10,18,A,R,0.3,1,LECA
1994,10,18,A,C,1,0,LECA
1994,10,18,A,L,1.6,3,LECA
1994,10,18,A,L,5.5,2,LECA
1994,10,18,B,R,6.8,9,LECA
1994,10,18,B,L,7.1,8,LECA
1994,10,18,B,R,7.9,3,LECA
1994,10,18,B,R,8.1,20,LECA
1994,10,18,B,R,8.3,19,LECA
1994,10,18,B,R,8.7,19,LECA
1994,10,18,B,R,8.7,47,LECA
1994,10,18,C,R,12.7,9,LECA
1994,10,18,C,L,14,18,LECA
1994,10,18,D,L,16.4,17,LECA
1994,10,18,D,L,16.6,8,LECA
1994,10,18,D,R,17.7,3,LECA
1994,10,18,D,L,18,7,LECA
1994,10,18,D,R,19,31,LECA
1994,10,18,D,C,20.5,0,LECA
1994,10,18,D,R,20.5,12,LECA
1994,10,18,D,R,20.6,16,LECA
1995,1,23,A,R,3.9,21,LECA
1995,1,23,A,L,4.7,2,LECA
1995,1,23,B,R,6.4,19,SYAU
1995,1,23,B,R,9.3,26,LECA
1995,1,23,B,R,9.3,29,LECA
1995,1,23,B,R,9.4,34,LECA
1995,1,23,C,R,9.9,37,LECA
1995,1,23,C,R,10.5,2,LECA
1995,1,23,C,R,11.1,29,LECA
1995,1,23,C,L,13.3,23,LECA
1995,1,23,C,L,15.8,4,LECA
1995,1,23,D,R,16.9,19,LECA
1995,1,23,D,L,18.2,8,LECA
1995,1,23,D,R,18.2,17,LECA
1995,1,23,D,L,18.2,2,LECA
1995,1,23,D,R,18.2,2,LECA
1995,1,23,D,L,20,11,LECA
1995,4,25,A,R,0.1,5,LECA
1995,4,25,A,L,0.4,3,LECA
1995,4,25,A,R,0.6,27,LECA
1995,4,25,A,R,0.9,1,LECA
1995,4,25,A,R,0.9,18,LECA
1995,4,25,A,R,1,13,LECA
1995,4,25,A,L,1.4,20,LECA
1995,4,25,A,L,3.5,2,LECA
1995,4,25,A,R,4.1,11,LECA
1995,4,25,A,L,4.6,2,LECA
1995,4,25,A,R,4.6,2,LECA
1995,4,25,A,L,4.6,5,LECA
1995,4,25,B,L,6,0,LECA
1995,4,25,B,R,6.4,4,LECA
1995,4,25,B,R,7.1,12,LECA
1995,4,25,B,R,7.2,14,LECA
1995,4,25,B,R,7.2,14,LECA
1995,4,25,B,R,8.2,16,LECA
1995,4,25,B,R,8.6,3,LECA
1995,4,25,B,R,9.3,8,SYAU
1995,4,25,B,R,9.35,5,LECA
1995,4,25,B,R,9.35,12,LECA
1995,4,25,B,R,9.4,46,LECA
1995,4,25,C,L,10.9,3,LECA
1995,4,25,C,R,12.2,2,LECA
1995,4,25,C,R,12.4,3,LECA
1995,4,25,C,L,12.4,26,LECA
1995,4,25,C,L,12.4,26,LECA
1995,4,25,C,L,12.4,28,LECA
1995,4,25,C,L,12.4,28,LECA
1995,4,25,C,L,12.4,30,LECA
1995,4,25,C,L,12.4,30,LECA
1995,4,25,C,L,12.5,27,LECA
1995,4,25,C,L,12.6,4,LECA
1995,4,25,C,R,12.55,27,LECA
1995,4,25,C,R,12.6,18,LECA
1995,4,25,C,R,12.6,21,LECA
1995,4,25,C,C,12.7,0,LECA
1995,4,25,C,R,12.8,2,LECA
1995,4,25,C,L,13.1,18,LECA
1995,4,25,C,L,13.2,30,SYAU
1995,4,25,C,L,13.2,30,SYAU
1995,4,25,C,L,13.25,20,LECA
1995,4,25,C,L,13.6,5,LECA
1995,4,25,C,L,14.2,11,LECA
1995,4,25,C,L,14.2,6,LECA
1995,4,25,C,R,15.4,2,LECA
1995,4,25,C,L,15.8,50,LECA
1995,4,25,D,R,16,26,LECA
1995,4,25,D,L,16.05,2,LECA
1995,4,25,D,L,16.6,9,LECA
1995,4,25,D,R,17.1,14,LECA
1995,4,25,D,L,17.8,41,LECA
1995,4,25,D,L,17.85,20,LECA
1995,4,25,D,L,18,25,LECA
1995,4,25,D,L,18.1,13,LECA
1995,4,25,D,L,18.1,20,LECA
1995,4,25,D,L,18.4,24,LECA
1995,4,25,D,L,18.6,25,LECA
1995,4,25,D,L,20.3,2,LECA
1995,4,25,D,R,20.5,3,LECA
1995,8,8,A,R,0.2,2,LECA
1995,8,8,A,R,0.4,10,LECA
1995,8,8,A,R,1.2,19,LECA
1995,8,8,A,L,1.3,25,LECA
1995,8,8,A,L,4,39,LECA
1995,8,8,A,R,4.1,2,LECA
1995,8,8,A,L,4.2,2,LECA
1995,8,8,A,R,4.7,3,LECA
1995,8,8,A,R,4.8,1,LECA
1995,8,8,B,L,7,2,LECA
1995,8,8,B,L,8.8,9,LECA
1995,8,8,B,R,9,17,LECA
1995,8,8,B,R,9.2,26,LECA
1995,8,8,B,C,9.3,0,LECA
1995,8,8,C,R,10.1,23,LECA
1995,8,8,C,R,10.5,24,LECA
1995,8,8,C,L,10.5,7,LECA
1995,8,8,C,L,10.5,7,LECA
1995,8,8,C,R,10.8,16,LECA
1995,8,8,C,L,10.9,30,LECA
1995,8,8,C,R,12.4,17,SYAU
1995,8,8,C,L,12.6,49,LECA
1995,8,8,C,R,12.7,13,LECA
1995,8,8,C,L,12.9,8,SYAU
1995,8,8,C,L,13.9,14,LECA
1995,8,8,C,L,13.9,15,LECA
1995,8,8,C,L,14.3,7,LECA
1995,8,8,D,R,16,11,LECA
1995,8,8,D,L,16.3,8,LECA
1995,8,8,D,R,16.4,2,LECA
1995,8,8,D,R,16.9,7,LECA
1995,8,8,D,L,17.5,2,LECA
1995,8,8,D,R,17.6,9,LECA
1995,8,8,D,R,17.6,9,LECA
1995,8,8,D,L,17.6,5,SYAU
1995,8,8,D,L,17.8,3,LECA
1995,8,8,D,L,18,2,LECA
1995,8,8,D,R,19.5,14,LECA
1995,8,8,D,R,20,12,LECA
1995,8,8,D,L,20.5,4,LECA
1995,8,8,D,R,20.9,2,LECA
1995,8,8,D,R,21.3,2,LECA
1995,10,17,A,R,0.2,9,LECA
1995,10,17,A,R,1.6,54,LECA
1995,10,17,A,R,3.4,11,LECA
1995,10,17,A,L,3.7,41,LECA
1995,10,17,A,R,3.8,41,LECA
1995,10,17,A,L,4,3,LECA
1995,10,17,A,R,4.6,36,LECA
1995,10,17,A,R,4.6,37,LECA
1995,10,17,A,L,4.65,60,LECA
1995,10,17,A,L,5,20,SYAU
1995,10,17,A,R,5.1,19,LECA
1995,10,17,A,L,5.3,3,LECA
1995,10,17,A,L,5.7,12,SYAU
1995,10,17,B,R,5.8,19,SYAU
1995,10,17,B,L,6.9,5,LECA
1995,10,17,B,R,8,73,LECA
1995,10,17,B,R,9.1,32,LECA
1995,10,17,C,L,10.7,36,LECA
1995,10,17,C,R,11.1,68,LECA
1995,10,17,C,R,11.1,69,LECA
1995,10,17,C,L,11.6,7,LECA
1995,10,17,C,L,11.8,5,LECA
1995,10,17,C,L,12,4,LECA
1995,10,17,C,L,12.01,5,LECA
1995,10,17,C,L,12.02,6,LECA
1995,10,17,C,L,12.5,6,LECA
1995,10,17,C,L,12.7,20,LECA
1995,10,17,C,R,12.8,19,LECA
1995,10,17,C,R,13.4,20,LECA
1995,10,17,C,R,13.9,26,LECA
1995,10,17,C,L,14.3,38,LECA
1995,10,17,C,L,14.4,73,LECA
1995,10,17,C,L,15,79,LECA
1995,10,17,C,L,15.3,37,LECA
1995,10,17,D,R,16.9,2,LECA
1995,10,17,D,L,17.2,21,SYAU
1995,10,17,D,L,17.4,42,LECA
1995,10,17,D,R,17.6,34,LECA
1995,10,17,D,L,17.7,1,SYAU
1995,10,17,D,L,17.7,56,LECA
1995,10,17,D,R,17.8,26,LECA
1995,10,17,D,R,18.1,27,LECA
1995,10,17,D,L,18.1,34,LECA
1995,10,17,D,L,18.6,2,LECA
1995,10,17,D,L,18.7,7,LECA
1995,10,17,D,L,19,15,LECA
1995,10,17,D,R,19.2,1,LECA
1995,10,17,D,R,19.2,3,LECA
1995,10,17,D,L,20.1,16,LECA
1995,10,17,D,L,20.6,3,LECA
1995,10,17,D,L,20.6,13,LECA
1996,1,29,A,R,0.4,14,LECA
1996,1,29,A,L,3.5,2,LECA
1996,1,29,A,L,4.9,69,LECA
1996,1,29,A,R,5.1,25,LECA
1996,1,29,A,R,5.1,37,LECA
1996,1,29,A,L,5.2,57,LECA
1996,1,29,B,L,7,32,LECA
1996,1,29,B,L,8.8,44,LECA
1996,1,29,C,L,10.1,3,LECA
1996,1,29,C,L,10.3,66,LECA
1996,1,29,C,R,12.6,2,LECA
1996,1,29,C,L,12.8,5,LECA
1996,1,29,C,L,12.85,24,LECA
1996,1,29,C,L,12.85,24,LECA
1996,1,29,D,L,16.5,18,LECA
1996,1,29,D,L,16.5,88,LECA
1996,1,29,D,L,16.7,33,LECA
1996,1,29,D,L,19.8,53,LECA
1996,5,7,A,R,0.2,8,LECA
1996,5,7,A,R,0.2,8,LECA
1996,5,7,A,R,0.6,26,LECA
1996,5,7,A,R,0.9,21,LECA
1996,5,7,A,L,1,19,LECA
1996,5,7,A,R,1.2,6,LECA
1996,5,7,A,L,1.3,6,LECA
1996,5,7,A,L,1.5,30,LECA
1996,5,7,A,R,1.8,32,SYAU
1996,5,7,A,L,2.2,2,LECA
1996,5,7,A,R,2.3,27,LECA
1996,5,7,A,L,2.8,17,LECA
1996,5,7,A,R,3.1,7,LECA
1996,5,7,A,L,3.1,2,LECA
1996,5,7,A,L,3.2,1,LECA
1996,5,7,A,R,3.7,22,LECA
1996,5,7,A,R,3.8,3,LECA
1996,5,7,A,L,3.85,2,SYAU
1996,5,7,A,R,4.9,23,LECA
1996,5,7,A,L,5.3,5,LECA
1996,5,7,B,L,7.2,31,LECA
1996,5,7,B,L,9.3,29,LECA
1996,5,7,B,R,9.4,46,LECA
1996,5,7,B,R,9.6,49,LECA
1996,5,7,B,R,7.2,31,LECA
1996,5,7,C,L,10.5,39,LECA
1996,5,7,C,L,12.2,27,SYAU
1996,5,7,C,L,12.4,2,LECA
1996,5,7,C,R,12.8,23,LECA
1996,5,7,C,R,14.3,17,LECA
1996,5,7,C,L,14.4,29,LECA
1996,5,7,C,L,14.4,39,LECA
1996,5,7,C,R,14.8,61,LECA
1996,5,7,C,R,15.4,1,LECA
1996,5,7,D,L,16.8,2,LECA
1996,5,7,D,L,17.9,2,LECA
1996,5,7,D,R,18.3,2,LECA
1996,5,7,D,L,18.8,2,LECA
1996,5,7,D,L,18.9,2,LECA
1996,5,7,D,L,19,2,LECA
1996,5,7,D,R,20,2,LECA
1996,5,7,D,L,20.2,2,LECA
1996,5,7,D,R,20.3,2,LECA
1996,5,7,D,L,20.6,2,LECA
1996,7,10,A,L,0.1,27,LECA
1996,7,10,A,R,0.8,45,LECA
1996,7,10,A,L,1,2,LECA
1996,7,10,A,R,1.4,32,LECA
1996,7,10,A,R,2.7,3,LECA
1996,7,10,A,L,3.1,41,LECA
1996,7,10,A,R,3.9,3,LECA
1996,7,10,A,L,4.6,4,LECA
1996,7,10,A,R,4.7,42,LECA
1996,7,10,A,L,5,5,LECA
1996,7,10,A,L,5.1,36,LECA
1996,7,10,A,L,5.2,32,LECA
1996,7,10,B,R,6,15,LECA
1996,7,10,B,L,7.6,30,LECA
1996,7,10,B,L,7.9,1,LECA
1996,7,10,B,L,8.7,12,LECA
1996,7,10,C,L,10.6,31,LECA
1996,7,10,C,R,11,30,LECA
1996,7,10,C,R,11.9,47,LECA
1996,7,10,C,L,12.7,16,SYAU
1996,7,10,C,L,12.75,5,LECA
1996,7,10,C,R,13,29,LECA
1996,7,10,C,L,13.3,11,SYAU
1996,7,10,C,L,15.9,37,LECA
1996,7,10,C,L,15.95,5,LECA
1996,7,10,D,R,16.1,12,LECA
1996,7,10,D,L,16.7,31,LECA
1996,7,10,D,L,16.8,25,LECA
1996,7,10,D,L,18,3,LECA
1996,7,10,D,R,20.1,5,LECA
1996,7,10,D,R,20.1,16,LECA
1996,10,23,A,L,1.4,37,SYAU
1996,10,23,A,R,4,3,LECA
1996,10,23,A,R,4.6,2,LECA
1996,10,23,B,L,7.2,19,SYAU
1996,10,23,B,L,7.4,2,LECA
1996,10,23,B,L,7.8,3,LECA
1996,10,23,B,R,8.9,3,LECA
1996,10,23,B,R,9.2,25,LECA
1996,10,23,B,L,9.3,40,LECA
1996,10,23,B,L,9.3,39,LECA
1996,10,23,B,L,9.3,41,LECA
1996,10,23,C,L,9.8,25,LECA
1996,10,23,C,R,10.6,74,LECA
1996,10,23,C,L,12.4,35,LECA
1996,10,23,C,L,12.4,34,LECA
1996,10,23,C,L,12.4,36,LECA
1996,10,23,C,R,12.6,17,LECA
1996,10,23,C,L,13.9,3,LECA
1996,10,23,D,R,16.3,18,LECA
1996,10,23,D,R,18,18,LECA
1996,10,23,D,R,18.2,28,LECA
1996,10,23,D,L,18.5,2,LECA
1996,10,23,D,L,19.1,19,LECA
1996,10,23,D,L,19.9,1,LECA
1996,10,23,D,L,20.4,21,LECA
1996,10,23,D,R,20.4,8,LECA
1996,10,23,D,R,20.4,8,LECA
1997,1,28,A,R,4.6,34,LECA
1997,1,28,B,R,5.8,19,LECA
1997,1,28,B,R,6.9,29,LECA
1997,1,28,B,L,8.7,32,SYAU
1997,1,28,B,L,8.8,43,LECA
1997,1,28,C,R,10.1,26,SYAU
1997,1,28,C,R,11,35,LECA
1997,1,28,C,L,12.5,12,SYAU
1997,1,28,C,L,12.7,20,LECA
1997,1,28,C,L,15.2,103,LECA
1997,1,28,D,L,15.9,21,LECA
1997,1,28,D,L,16.2,21,LECA
1997,1,28,D,R,16.2,11,LECA
1997,1,28,D,L,16.6,5,LECA
1997,1,28,D,R,17.1,65,LECA
1997,1,28,D,R,17.7,1,SYAU
1997,5,6,A,R,0.1,8,LECA
1997,5,6,A,R,0.2,43,LECA
1997,5,6,A,L,0.4,24,LECA
1997,5,6,A,R,1.2,19,LECA
1997,5,6,A,L,2.9,22,LECA
1997,5,6,A,L,4.9,1,LECA
1997,5,6,A,L,5.3,16,LECA
1997,5,6,B,L,6.2,2,LECA
1997,5,6,B,L,6.2,3,LECA
1997,5,6,B,R,6.2,4,SYAU
1997,5,6,B,L,7.4,8,LECA
1997,5,6,B,L,7.4,9,LECA
1997,5,6,B,R,7.7,3,LECA
1997,5,6,B,R,8,18,LECA
1997,5,6,B,R,9.6,16,LECA
1997,5,6,C,C,12.2,0,LECA
1997,5,6,C,R,12.8,24,LECA
1997,5,6,C,R,12.9,40,LECA
1997,5,6,C,L,13.1,1,LECA
1997,5,6,C,R,13.1,19,LECA
1997,5,6,C,R,13.2,23,LECA
1997,5,6,C,L,13.2,36,LECA
1997,5,6,C,L,13.2,37,LECA
1997,5,6,C,R,13.2,25,LECA
1997,5,6,C,R,13.4,1,LECA
1997,5,6,C,R,14,2,SYAU
1997,5,6,C,R,15.2,12,LECA
1997,5,6,C,R,15.2,13,LECA
1997,5,6,C,R,16.3,11,LECA
1997,5,6,C,R,16.3,4,LECA
1997,5,6,C,R,16.5,7,LECA
1997,5,6,D,R,16.55,23,LECA
1997,5,6,D,L,17,1,LECA
1997,5,6,D,R,17.6,2,LECA
1997,5,6,D,R,17.7,31,LECA
1997,5,6,D,R,18.1,2,LECA
1997,5,6,D,R,18.5,33,LECA
1997,5,6,D,L,18.6,32,LECA
1997,5,6,D,L,19.7,3,LECA
1997,5,6,D,R,20,2,LECA
1997,5,6,D,R,20.1,1,LECA
1997,5,6,D,R,20.1,28,LECA
1997,5,6,D,R,21.2,16,LECA
1997,5,6,D,R,21.3,5,LECA
1997,5,6,D,R,21.3,43,LECA
1997,5,6,D,R,21.6,9,LECA
1997,8,4,A,R,0.1,22,LECA
1997,8,4,A,L,0.3,2,LECA
1997,8,4,A,R,0.4,13,LECA
1997,8,4,A,R,2.5,1,LECA
1997,8,4,A,R,3,1,LECA
1997,8,4,A,R,3.2,14,LECA
1997,8,4,A,R,4.2,22,LECA
1997,8,4,A,R,4.5,45,LECA
1997,8,4,A,R,4.6,4,LECA
1997,8,4,B,L,7.8,28,LECA
1997,8,4,B,L,7.8,51,LECA
1997,8,4,B,R,8.1,14,LECA
1997,8,4,B,R,8.8,3,LECA
1997,8,4,C,L,9.9,3,SYAU
1997,8,4,C,L,15.5,22,LECA
1997,8,4,D,L,15.9,12,LECA
1997,8,4,D,L,16.4,30,LECA
1997,8,4,D,R,16.7,21,LECA
1997,8,4,D,R,17.4,3,LECA
1997,8,4,D,L,19.5,62,LECA
1997,8,4,D,L,19.7,30,LECA
1997,8,4,D,L,19.8,51,LECA
1997,8,4,D,L,20.2,31,LECA
1997,8,4,D,L,20.4,1,LECA
1997,8,4,D,C,20.5,0,LECA
1997,8,4,D,R,20.5,18,LECA
1997,8,4,D,L,21.3,14,LECA
1997,10,27,A,L,0.1,66,LECA
1997,10,27,A,L,0.1,56,LECA
1997,10,27,A,L,0.1,68,LECA
1997,10,27,A,L,0.7,4,LECA
1997,10,27,A,L,1.4,29,LECA
1997,10,27,A,L,1.4,72,LECA
1997,10,27,A,L,2,2,LECA
1997,10,27,A,R,2.1,17,LECA
1997,10,27,A,R,2.3,2,SYAU
1997,10,27,A,L,2.7,20,LECA
1997,10,27,A,L,2.8,26,LECA
1997,10,27,A,L,2.9,74,LECA
1997,10,27,A,L,3,39,LECA
1997,10,27,A,L,3.6,58,LECA
1997,10,27,A,L,3.6,59,LECA
1997,10,27,A,L,4.9,2,LECA
1997,10,27,A,L,5.3,2,SYAU
1997,10,27,A,R,5.4,29,SYAU
1997,10,27,B,L,7.1,1,LECA
1997,10,27,B,R,7.7,20,LECA
1997,10,27,B,R,7.8,27,LECA
1997,10,27,B,R,8.6,1,LECA
1997,10,27,B,R,9.1,1,LECA
1997,10,27,B,R,9.1,2,LECA
1997,10,27,B,L,9.1,1,LECA
1997,10,27,B,L,9.7,15,SYAU
1997,10,27,C,L,10.7,39,LECA
1997,10,27,C,L,11.2,35,LECA
1997,10,27,C,L,11.6,4,LECA
1997,10,27,C,L,12.1,9,LECA
1997,10,27,C,L,12.2,24,LECA
1997,10,27,C,R,12.7,4,LECA
1997,10,27,C,R,12.8,16,LECA
1997,10,27,C,L,13.3,27,LECA
1997,10,27,C,R,15.1,3,LECA
1997,10,27,C,L,15.2,87,LECA
1997,10,27,C,R,15.7,29,LECA
1997,10,27,D,R,16.1,6,LECA
1997,10,27,D,R,19.9,15,LECA
1997,10,27,D,R,20.2,21,LECA
1997,10,27,D,L,20.4,29,LECA
1998,1,13,A,L,0.2,11,LECA
1998,1,13,A,R,0.25,24,LECA
1998,1,13,A,L,3.4,37,LECA
1998,1,13,A,L,4.3,51,LECA
1998,1,13,A,L,4.8,52,LECA
1998,1,13,A,L,5,74,LECA
1998,1,13,B,L,6.9,9,LECA
1998,1,13,B,R,8.8,59,LECA
1998,1,13,B,L,8.8,20,SYAU
1998,1,13,C,R,12.4,30,SYAU
1998,1,13,C,L,12.5,46,SYAU
1998,1,13,C,L,12.5,19,SYAU
1998,1,13,C,R,13.3,50,LECA
1998,1,13,C,L,13.3,28,SYAU
1998,1,13,C,L,13.8,34,LECA
1998,1,13,C,L,13.8,40,LECA
1998,1,13,C,R,14.2,85,LECA
1998,1,13,C,L,15.3,67,LECA
1998,1,13,D,R,17,2,LECA
1998,1,13,D,L,18,13,LECA
1998,1,13,D,L,18.1,15,LECA
1998,1,13,D,L,18.3,3,LECA
1998,4,28,A,R,1.5,1,LECA
1998,4,28,A,C,2.1,0,LECA
1998,4,28,A,R,2.2,20,LECA
1998,4,28,A,R,2.3,8,LECA
1998,4,28,A,R,2.35,8,LECA
1998,4,28,A,L,2.4,4,LECA
1998,4,28,A,L,2.7,3,LECA
1998,4,28,A,R,4,4,LECA
1998,4,28,A,L,4.02,67,LECA
1998,4,28,A,L,4.3,3,LECA
1998,4,28,A,L,4.7,5,LECA
1998,4,28,A,C,4.8,0,LECA
1998,4,28,A,L,4.8,1,LECA
1998,4,28,A,R,5.4,27,LECA
1998,4,28,B,L,5.8,19,LECA
1998,4,28,B,R,5.9,10,LECA
1998,4,28,B,R,7,3,LECA
1998,4,28,B,R,7.1,1,LECA
1998,4,28,B,R,7.6,15,LECA
1998,4,28,B,R,7.8,19,LECA
1998,4,28,B,L,8,2,LECA
1998,4,28,B,L,8.6,4,LECA
1998,4,28,B,L,8.8,3,LECA
1998,4,28,C,L,11.1,42,LECA
1998,4,28,C,R,11.6,4,LECA
1998,4,28,C,L,11.9,3,LECA
1998,4,28,C,L,12.3,4,LECA
1998,4,28,C,R,12.7,1,LECA
1998,4,28,C,R,14.1,86,LECA
1998,4,28,C,R,14.4,4,LECA
1998,4,28,D,L,16.1,5,LECA
1998,4,28,D,L,18,3,LECA
1998,4,28,D,L,18.2,15,LECA
1998,4,28,D,L,18.4,11,LECA
1998,4,28,D,C,18.6,0,LECA
1998,4,28,D,R,19,1,LECA
1998,4,28,D,L,19.5,6,LECA
1998,4,28,D,L,19.8,3,LECA
1998,4,28,D,R,20.5,3,LECA
1998,4,28,D,L,20.52,4,LECA
1998,8,6,A,R,0.05,4,LECA
1998,8,6,A,L,0.1,12,LECA
1998,8,6,A,L,0.5,53,LECA
1998,8,6,A,R,1,29,LECA
1998,8,6,A,R,1,29,LECA
1998,8,6,A,C,1.2,0,LECA
1998,8,6,A,R,2.3,6,LECA
1998,8,6,A,R,2.35,7,LECA
1998,8,6,A,R,2.4,44,LECA
1998,8,6,A,R,2.7,3,SYAU
1998,8,6,A,R,2.8,21,LECA
1998,8,6,A,L,4.7,1,LECA
1998,8,6,A,R,5,23,LECA
1998,8,6,A,L,5.5,37,LECA
1998,8,6,B,L,6.7,9,LECA
1998,8,6,B,L,7.4,41,LECA
1998,8,6,B,L,7.9,32,LECA
1998,8,6,B,R,8.9,2,SYAU
1998,8,6,B,R,9.3,19,LECA
1998,8,6,B,C,9.4,0,LECA
1998,8,6,C,L,11,79,SYAU
1998,8,6,C,L,11.05,101,LECA
1998,8,6,C,L,11.05,100,LECA
1998,8,6,C,L,11.1,4,LECA
1998,8,6,C,R,11.6,32,LECA
1998,8,6,C,L,13.1,56,LECA
1998,8,6,C,R,13.5,29,LECA
1998,8,6,C,L,13.9,5,LECA
1998,8,6,C,L,13.95,59,LECA
1998,8,6,C,R,14.5,87,LECA
1998,8,6,C,L,14.6,29,LECA
1998,8,6,C,R,15,14,LECA
1998,8,6,C,L,15.3,24,LECA
1998,8,6,C,L,15.6,18,LECA
1998,8,6,C,L,15.7,31,LECA
1998,8,6,C,L,15.9,32,LECA
1998,8,6,D,R,16.5,17,LECA
1998,8,6,D,L,16.7,4,LECA
1998,8,6,D,R,17.9,39,LECA
1998,8,6,D,R,18,3,LECA
1998,8,6,D,C,18.2,0,LECA
1998,8,6,D,R,18.9,1,LECA
1998,8,6,D,L,19.8,1,LECA
1998,8,6,D,R,20.4,14,LECA
1998,8,6,D,L,20.6,16,LECA
1998,8,6,D,R,20.7,46,LECA
1998,10,5,A,L,0.1,32,LECA
1998,10,5,A,R,0.3,10,LECA
1998,10,5,A,C,1.2,0,LECA
1998,10,5,A,C,2.7,0,LECA
1998,10,5,A,L,4.9,22,LECA
1998,10,5,A,L,5.1,50,LECA
1998,10,5,A,R,5.2,39,LECA
1998,10,5,A,L,5.6,14,LECA
1998,10,5,A,C,5.7,0,LECA
1998,10,5,B,R,6.7,13,SYAU
1998,10,5,B,L,7.3,26,LECA
1998,10,5,B,R,9.7,21,LECA
1998,10,5,B,L,9.9,18,LECA
1998,10,5,C,C,11.1,0,LECA
1998,10,5,C,C,13,0,LECA
1998,10,5,C,C,14.5,0,LECA
1998,10,5,D,R,21.2,26,LECA
1998,10,5,D,R,21.3,18,LECA
1998,10,5,D,R,21.5,26,LECA
1998,10,5,D,R,21.5,38,LECA
1998,10,5,D,R,21.6,25,LECA
1998,10,5,D,L,22.1,10,LECA
1999,2,1,A,R,0.8,1,LECA
1999,2,1,A,R,1.2,14,LECA
1999,2,1,A,R,1.4,30,LECA
1999,2,1,A,L,1.9,105,LECA
1999,2,1,A,L,3.2,83,LECA
1999,2,1,A,R,4.6,54,LECA
1999,2,1,A,R,5.2,73,LECA
1999,2,1,C,L,10.3,64,LECA
1999,2,1,C,R,10.8,26,LECA
1999,2,1,C,R,13.3,13,LECA
1999,2,1,C,L,14.7,3,LECA
1999,2,1,C,L,15.2,81,LECA
1999,2,1,D,L,16.5,32,LECA
1999,2,1,D,R,17.6,10,LECA
1999,2,1,D,R,20.5,4,LECA
1999,5,6,A,L,0.2,82,LECA
1999,5,6,A,L,0.6,5,LECA
1999,5,6,A,L,0.61,19,LECA
1999,5,6,A,L,1,1,LECA
1999,5,6,A,R,1.2,56,LECA
1999,5,6,A,L,1.9,3,LECA
1999,5,6,A,L,2.3,44,LECA
1999,5,6,A,L,2.4,13,LECA
1999,5,6,A,R,3.7,38,LECA
1999,5,6,A,R,4,3,LECA
1999,5,6,A,L,4.01,10,LECA
1999,5,6,A,R,4.75,1,LECA
1999,5,6,A,R,4.8,14,LECA
1999,5,6,A,L,4.8,13,LECA
1999,5,6,A,L,5.4,3,LECA
1999,5,6,A,C,5.5,0,LECA
1999,5,6,B,R,7,19,LECA
1999,5,6,B,R,7.9,20,LECA
1999,5,6,B,R,8.2,4,LECA
1999,5,6,B,C,8.8,0,LECA
1999,5,6,B,R,8.9,51,LECA
1999,5,6,B,R,9.6,58,LECA
1999,5,6,C,R,10.4,2,LECA
1999,5,6,C,L,11.3,2,LECA
1999,5,6,C,L,12.5,33,LECA
1999,5,6,C,L,12.5,33,LECA
1999,5,6,C,R,12.7,2,LECA
1999,5,6,C,R,12.7,6,LECA
1999,5,6,C,L,12.8,3,LECA
1999,5,6,C,R,12.8,4,LECA
1999,5,6,C,R,12.8,4,LECA
1999,5,6,C,L,13.2,2,LECA
1999,5,6,C,L,14.4,48,LECA
1999,5,6,C,R,14.5,1,LECA
1999,5,6,C,L,14.8,2,LECA
1999,5,6,C,R,15.1,15,LECA
1999,5,6,C,R,15.7,14,LECA
1999,5,6,D,L,16.01,27,LECA
1999,5,6,D,R,16.4,24,LECA
1999,5,6,D,R,16.4,24,LECA
1999,5,6,D,R,17.3,29,LECA
1999,5,6,D,R,17.5,1,LECA
1999,5,6,D,L,17.5,1,LECA
1999,5,6,D,R,17.6,22,LECA
1999,5,6,D,R,17.6,22,LECA
1999,5,6,D,L,17.6,42,LECA
1999,5,6,D,L,18,1,LECA
1999,5,6,D,R,18.3,2,LECA
1999,5,6,D,R,18.4,2,LECA
1999,5,6,D,L,18.5,17,LECA
1999,5,6,D,L,18.5,25,LECA
1999,5,6,D,R,18.7,3,LECA
1999,5,6,D,L,19,4,LECA
1999,5,6,D,L,19,18,LECA
1999,5,6,D,R,19.2,2,LECA
1999,5,6,D,L,19.4,9,LECA
1999,5,6,D,R,20.5,4,LECA
1999,5,6,D,L,20.5,33,LECA
1999,5,6,D,L,20.5,33,LECA
1999,5,6,D,L,20.6,25,LECA
1999,5,6,D,R,20.6,75,LECA
1999,5,6,D,R,20.6,75,LECA
1999,5,6,D,L,20.9,2,LECA
1999,7,27,A,R,3.3,42,LECA
1999,7,27,A,R,3.31,60,LECA
1999,7,27,A,R,3.5,37,LECA
1999,7,27,A,R,5.1,79,LECA
1999,7,27,B,C,6,0,LECA
1999,7,27,B,R,6,1,LECA
1999,7,27,B,R,7,31,LECA
1999,7,27,B,L,7.8,1,LECA
1999,7,27,B,L,8.3,1,LECA
1999,7,27,B,R,8.3,37,LECA
1999,7,27,B,L,8.6,33,LECA
1999,7,27,B,L,8.65,1,LECA
1999,7,27,B,L,8.7,1,LECA
1999,7,27,B,R,8.71,1,LECA
1999,7,27,B,R,8.8,55,LECA
1999,7,27,B,L,8.8,52,LECA
1999,7,27,B,L,9,3,LECA
1999,7,27,B,L,9,125,LECA
1999,7,27,B,L,9,120,LECA
1999,7,27,B,L,9,17,LECA
1999,7,27,B,C,9.7,0,LECA
1999,7,27,B,R,9.7,52,LECA
1999,7,27,C,R,11.3,46,LECA
1999,7,27,C,R,12.4,72,LECA
1999,7,27,C,L,12.45,19,LECA
1999,7,27,C,L,13,41,LECA
1999,7,27,C,L,14.4,61,LECA
1999,7,27,C,L,14.4,59,LECA
1999,7,27,C,L,14.4,63,LECA
1999,7,27,D,R,16.1,29,LECA
1999,7,27,D,R,16.15,10,LECA
1999,7,27,D,R,17.3,34,LECA
1999,7,27,D,R,17.5,3,LECA
1999,7,27,D,R,17.5,4,LECA
1999,7,27,D,L,17.55,41,LECA
1999,7,27,D,R,17.55,31,LECA
1999,7,27,D,R,18.1,52,LECA
1999,7,27,D,L,18.4,2,LECA
1999,7,27,D,L,18.5,34,LECA
1999,7,27,D,R,19.9,2,LECA
1999,7,27,D,R,19.9,4,LECA
1999,7,27,D,R,20.5,35,LECA
1999,10,25,A,R,0.1,28,LECA
1999,10,25,A,R,0.2,1,LECA
1999,10,25,B,R,8.6,45,LECA
1999,10,25,C,L,10,39,LECA
1999,10,25,C,R,11,61,LECA
1999,10,25,C,L,11.4,37,LECA
1999,10,25,C,L,12.3,23,LECA
1999,10,25,C,R,12.5,37,LECA
1999,10,25,C,R,12.7,2,LECA
1999,10,25,C,L,15.6,64,LECA
1999,10,25,D,R,17.5,38,LECA
1999,10,25,D,R,17.9,20,LECA
1999,10,25,D,R,17.9,20,LECA
1999,10,25,D,L,20.9,53,LECA
2000,1,20,B,L,9.3,60,LECA
2000,1,20,C,L,10.4,24,LECA
2000,1,20,D,L,17.8,60,LECA
2000,4,13,A,R,0,2,LECA
2000,4,13,A,C,0.1,0,LECA
2000,4,13,A,C,0.7,0,LECA
2000,4,13,A,R,2.2,70,LECA
2000,4,13,A,L,3.3,1,LECA
2000,4,13,A,L,4.5,1,LECA
2000,4,13,A,L,5.4,1,LECA
2000,4,13,B,R,6.9,40,LECA
2000,4,13,B,L,7,51,LECA
2000,4,13,B,L,7,51,LECA
2000,4,13,B,L,7,51,LECA
2000,4,13,B,L,8.1,1,LECA
2000,4,13,B,L,8.1,3,LECA
2000,4,13,B,L,8.1,6,LECA
2000,4,13,B,C,9,0,LECA
2000,4,13,B,L,9.1,27,LECA
2000,4,13,B,L,9.4,2,LECA
2000,4,13,C,R,10.5,45,LECA
2000,4,13,C,L,12,41,LECA
2000,4,13,C,L,12.7,57,LECA
2000,4,13,C,L,12.7,29,LECA
2000,4,13,C,L,12.9,18,LECA
2000,4,13,C,R,13.8,22,LECA
2000,4,13,C,R,14.2,30,LECA
2000,4,13,C,L,14.2,5,LECA
2000,4,13,C,L,14.5,27,LECA
2000,4,13,C,R,14.6,1,LECA
2000,4,13,C,L,14.7,28,LECA
2000,4,13,C,L,14.7,50,LECA
2000,4,13,C,L,14.9,2,LECA
2000,4,13,C,R,15,41,LECA
2000,4,13,C,C,15.5,0,LECA
2000,4,13,C,L,15.5,3,LECA
2000,4,13,C,L,15.6,58,LECA
2000,4,13,D,R,16,48,LECA
2000,4,13,D,R,17.3,5,LECA
2000,4,13,D,R,17.8,4,LECA
2000,4,13,D,L,18.9,2,LECA
2000,4,13,D,R,20.8,4,LECA
2000,7,17,A,R,0.05,1,LECA
2000,7,17,A,R,1.7,3,SYAU
2000,7,17,A,L,2.3,2,LECA
2000,7,17,A,L,2.8,8,LECA
2000,7,17,A,R,3.5,23,LECA
2000,7,17,A,R,4.9,2,LECA
2000,7,17,A,L,5.4,44,LECA
2000,7,17,B,L,5.8,20,LECA
2000,7,17,B,R,9.1,17,LECA
2000,7,17,B,R,9.1,17,LECA
2000,7,17,B,R,9.1,43,LECA
2000,7,17,B,R,9.1,43,LECA
2000,7,17,C,L,11.7,71,LECA
2000,7,17,C,L,12.5,23,SYAU
2000,7,17,C,L,12.7,44,LECA
2000,7,17,C,L,12.8,2,LECA
2000,7,17,C,C,12.85,0,LECA
2000,7,17,C,R,13.7,53,SYAU
2000,7,17,D,R,16.7,2,LECA
2000,7,17,D,R,17.1,6,LECA
2000,7,17,D,L,17.2,30,LECA
2000,7,17,D,L,17.5,13,LECA
2000,7,17,D,L,17.7,3,LECA
2000,7,17,D,L,17.8,4,LECA
2000,7,17,D,R,17.85,1,LECA
2000,7,17,D,C,18.9,0,LECA
2000,7,17,D,L,19.2,3,LECA
2000,7,17,D,L,19.5,12,LECA
2000,7,17,D,L,20.3,58,LECA
2000,7,17,D,R,20.7,56,LECA
2000,7,17,D,L,20.9,93,LECA
2000,10,16,A,R,0.1,30,LECA
2000,10,16,A,R,0.3,16,LECA
2000,10,16,B,R,8.6,51,LECA
2000,10,16,C,L,12.7,1,LECA
2000,10,16,C,R,14.5,24,LECA
2000,10,16,C,L,14.6,5,LECA
2000,10,16,C,R,15.5,26,LECA
2000,10,16,C,L,15.8,42,LECA
2000,10,16,D,L,17.9,87,LECA
2000,10,16,D,L,17.9,87,LECA
2000,10,16,D,R,18.5,39,LECA
2000,10,16,D,L,19.3,19,LECA
2000,10,16,D,R,20.3,35,LECA
2000,10,16,D,L,20.9,46,LECA
2000,10,16,D,R,20.95,61,LECA
2000,10,16,D,L,21.2,3,LECA
2000,10,16,D,R,21.5,41,LECA
2000,10,16,D,R,21.8,17,LECA
2001,2,5,A,L,1.9,8,SYAU
2001,2,5,A,R,3,16,LECA
2001,2,5,A,R,4.8,42,LECA
2001,2,5,A,L,5.6,22,LECA
2001,2,5,D,R,16.8,45,LECA
2001,2,5,D,L,18,2,LECA
2001,4,9,A,R,0.1,21,LECA
2001,4,9,A,R,2.3,10,LECA
2001,4,9,A,R,2.4,13,LECA
2001,4,9,A,R,4.3,1,LECA
2001,4,9,B,L,7.1,8,LECA
2001,4,9,B,L,7.2,75,LECA
2001,4,9,B,L,8,12,LECA
2001,4,9,B,L,8.3,19,LECA
2001,4,9,B,R,8.6,3,LECA
2001,4,9,B,L,9.7,1,LECA
2001,4,9,C,R,12.5,31,LECA
2001,4,9,C,R,13.1,71,LECA
2001,4,9,C,R,14.8,29,LECA
2001,4,9,D,L,17.4,3,LECA
2001,4,9,D,L,17.7,1,LECA
2001,4,9,D,L,18.3,1,LECA
2001,4,9,D,L,19.7,1,LECA
2001,4,9,D,R,20.4,8,LECA
2001,4,9,D,L,20.8,3,LECA
2001,4,9,D,R,21.4,9,LECA
2001,7,5,A,L,0.3,3,LECA
2001,7,5,A,R,0.5,27,LECA
2001,7,5,A,R,1.8,1,LECA
2001,7,5,A,L,2.6,2,LECA
2001,7,5,A,L,3.5,3,LECA
2001,7,5,B,L,7.5,26,LECA
2001,7,5,B,L,7.5,38,LECA
2001,7,5,B,R,9.3,26,LECA
2001,7,5,C,L,11.5,82,LECA
2001,7,5,C,L,13,6,LECA
2001,7,5,C,R,13.1,2,LECA
2001,7,5,C,L,13.3,3,LECA
2001,7,5,C,L,14.9,115,LECA
2001,7,5,C,L,15,27,LECA
2001,7,5,C,L,15.5,64,LECA
2001,7,5,C,L,16.1,25,LECA
2001,7,5,D,L,17.8,43,LECA
2001,7,5,D,L,17.8,43,LECA
2001,7,5,D,L,18.9,4,LECA
2001,7,5,D,L,21.6,20,LECA
2001,10,1,A,L,0.2,3,LECA
2001,10,1,A,R,3.1,1,LECA
2001,10,1,A,R,4,5,LECA
2001,10,1,B,L,8.1,4,LECA
2001,10,1,B,R,8.7,77,LECA
2001,10,1,B,R,8.75,45,LECA
2001,10,1,B,L,8.9,79,LECA
2001,10,1,B,L,9.3,51,LECA
2001,10,1,B,R,9.7,3,LECA
2001,10,1,B,L,9.9,89,LECA
2001,10,1,C,L,13.1,7,LECA
2001,10,1,C,R,14,5,LECA
2001,10,1,C,L,15,12,LECA
2001,10,1,C,L,15.1,56,LECA
2001,10,1,C,L,15.1,56,LECA
2001,10,1,D,R,17.6,62,LECA
2001,10,1,D,L,18.2,37,LECA
2001,10,1,D,L,18.9,16,LECA
2001,10,1,D,L,21.5,22,LECA
2002,1,28,A,R,2.8,49,LECA
2002,1,28,B,L,9,27,LECA
2002,1,28,B,L,9,43,LECA
2002,1,28,B,L,9.3,49,LECA
2002,1,28,C,L,12,26,LECA
2002,1,28,C,R,12.2,17,LECA
2002,1,28,C,R,12.9,67,LECA
2002,1,28,C,R,14.5,14,LECA
2002,1,28,D,R,17.6,25,LECA
2002,1,28,D,R,18.8,31,LECA
2002,1,28,D,R,19.2,16,LECA
2002,1,28,D,L,21.2,10,LECA
2002,3,14,B,R,8.5,35,LECA
2002,3,14,B,L,9.5,24,LECA
2002,3,14,B,R,20.4,1,LECA
2002,3,14,D,R,20.4,1,LECA
2002,3,14,D,R,20.6,42,LECA
2002,3,14,D,C,21,0,LECA
2002,3,14,D,L,21.5,17,LECA
2002,4,30,A,R,1.5,23,LECA
2002,4,30,A,R,1.5,10,LECA
2002,4,30,A,C,2.5,0,LECA
2002,4,30,A,R,2.8,3,LECA
2002,4,30,A,L,3.9,12,LECA
2002,4,30,A,L,4.1,31,LECA
2002,4,30,A,R,5.3,3,LECA
2002,4,30,A,R,5.8,3,SYAU
2002,4,30,B,R,7.2,29,LECA
2002,4,30,B,R,7.4,68,LECA
2002,4,30,B,L,7.6,18,LECA
2002,4,30,B,L,8.1,2,LECA
2002,4,30,B,R,8.4,27,LECA
2002,4,30,B,R,8.5,43,LECA
2002,4,30,B,L,8.6,34,LECA
2002,4,30,B,R,9.4,3,LECA
2002,4,30,B,R,9.7,9,LECA
2002,4,30,B,R,9.8,5,LECA
2002,4,30,B,L,9.9,46,LECA
2002,4,30,C,R,10.5,34,LECA
2002,4,30,C,L,13.1,6,LECA
2002,4,30,C,R,13.4,7,LECA
2002,4,30,C,R,14,95,LECA
2002,4,30,C,L,14.9,57,LECA
2002,4,30,C,R,14.95,65,LECA
2002,4,30,C,L,15,7,LECA
2002,4,30,C,R,15.6,7,LECA
2002,4,30,C,L,16.4,31,LECA
2002,4,30,D,L,16.9,5,LECA
2002,4,30,D,R,18.3,7,LECA
2002,4,30,D,R,19.6,53,LECA
2002,4,30,D,L,19.65,19,LECA
2002,4,30,D,R,19.65,8,LECA
2002,4,30,D,R,20.1,31,LECA
2002,4,30,D,L,20.3,25,LECA
2002,4,30,D,L,20.4,23,LECA
2002,4,30,D,L,20.6,25,LECA
2002,4,30,D,R,20.6,3,LECA
2002,4,30,D,R,20.7,40,LECA
2002,4,30,D,L,21.7,42,LECA
2002,4,30,D,L,21.8,45,LECA
2002,7,23,A,L,0.7,2,LECA
2002,7,23,B,L,8.6,65,LECA
2002,7,23,B,R,9,40,LECA
2002,7,23,B,R,9.9,85,LECA
2002,7,23,C,R,11.6,91,LECA
2002,7,23,C,L,11.7,7,LECA
2002,7,23,C,L,12.1,18,LECA
2002,7,23,C,R,12.4,19,LECA
2002,7,23,C,R,13.9,5,LECA
2002,7,23,C,L,14.7,73,LECA
2002,7,23,C,R,14.8,65,LECA
2002,7,23,C,R,14.8,65,LECA
2002,7,23,C,R,16.4,70,LECA
2002,7,23,D,R,17.5,24,LECA
2002,7,23,D,R,17.7,30,LECA
2002,7,23,D,L,18.1,27,LECA
2002,7,23,D,R,18.3,10,LECA
2002,7,23,D,R,19.8,101,LECA
2002,7,23,D,R,19.9,29,LECA
2002,7,23,D,L,20.5,3,LECA
2002,7,23,D,R,20.5,43,LECA
2002,7,23,D,R,20.7,4,LECA
2002,7,23,D,R,21.1,76,LECA
2002,7,23,D,R,21.1,87,LECA
2002,7,23,D,L,21.2,52,LECA
2002,7,23,D,L,21.9,5,LECA
2002,8,19,A,R,2.2,1,LECA
2002,8,19,A,R,2.7,5,LECA
2002,8,19,A,R,3.6,1,LECA
2002,8,19,B,R,8.2,68,LECA
2002,8,19,B,L,8.7,3,LECA
2002,8,19,B,R,8.75,39,LECA
2002,8,19,C,R,10.8,95,LECA
2002,8,19,C,L,12.8,29,LECA
2002,8,19,C,R,12.9,19,LECA
2002,8,19,C,L,13.2,30,LECA
2002,8,19,C,L,13.2,80,LECA
2002,8,19,C,L,14.2,8,LECA
2002,8,19,C,L,14.2,9,LECA
2002,8,19,C,L,14.25,26,LECA
2002,8,19,C,R,14.4,2,LECA
2002,8,19,C,L,14.8,11,LECA
2002,8,19,D,R,17.8,31,LECA
2002,8,19,D,R,18.4,5,LECA
2002,8,19,D,R,18.4,7,LECA
2002,8,19,D,R,18.6,6,LECA
2002,8,19,D,R,19.6,40,LECA
2002,8,19,D,R,19.7,21,LECA
2002,8,19,D,R,20.2,32,LECA
2002,8,19,D,R,20.2,48,LECA
2002,8,19,D,L,20.6,38,LECA
2002,8,19,D,L,20.6,38,LECA
2002,8,19,D,R,21.2,2,LECA
2002,8,19,D,R,21.3,25,LECA
2002,8,19,D,R,21.35,5,LECA
2002,8,19,D,L,21.4,4,LECA
2002,10,21,A,R,0.05,3,LECA
2002,10,21,B,L,6.2,10,LECA
2002,10,21,B,R,6.3,26,LECA
2002,10,21,B,R,8.3,8,LECA
2002,10,21,B,R,8.6,51,LECA
2002,10,21,C,L,11.3,34,LECA
2002,10,21,D,R,19.2,63,LECA
2002,10,21,D,R,19.2,63,LECA
2002,10,21,D,R,19.6,31,LECA
2002,10,21,D,L,20.5,2,LECA
2002,10,21,D,L,21.1,3,LECA
2002,10,21,D,R,21.2,12,LECA
2002,10,21,D,R,21.25,7,LECA
2002,10,21,D,R,21.8,40,LECA
2002,10,21,D,R,21.85,65,LECA
2002,10,21,D,L,21.9,2,LECA
2003,1,16,A,C,0.01,0,LECA
2003,1,16,A,R,5.8,74,LECA
2003,1,16,B,L,9.4,79,LECA
2003,1,16,B,R,9.5,57,LECA
2003,1,16,C,L,15.1,38,LECA
2003,1,16,C,L,15.1,55,LECA
2003,1,16,D,R,19,25,LECA
2003,1,16,D,R,20.3,23,LECA
2003,1,16,D,L,20.9,7,LECA
2003,1,16,D,R,21.4,19,LECA
2003,1,16,D,L,21.8,36,LECA
2003,1,31,A,R,0.2,1,LECA
2003,1,31,A,R,4.6,92,LECA
2003,1,31,B,R,6.6,1,LECA
2003,1,31,B,L,6.8,5,LECA
2003,1,31,B,R,9.4,26,LECA
2003,1,31,C,L,10,6,SYAU
2003,1,31,C,R,11.3,69,LECA
2003,1,31,C,R,11.5,92,LECA
2003,1,31,D,R,17.1,55,LECA
2003,1,31,D,L,17.8,45,LECA
2003,1,31,D,R,18,95,LECA
2003,1,31,D,R,18.2,56,LECA
2003,1,31,D,R,20,3,LECA
2003,4,16,A,R,2.1,3,LECA
2003,4,16,A,L,5.2,48,LECA
2003,4,16,A,L,5.3,3,LECA
2003,4,16,A,R,5.4,40,LECA
2003,4,16,B,R,7.2,3,LECA
2003,4,16,B,L,7.3,39,LECA
2003,4,16,B,R,8.1,62,LECA
2003,4,16,B,L,8.7,3,LECA
2003,4,16,B,R,9.2,1,LECA
2003,4,16,B,L,9.4,1,LECA
2003,4,16,B,L,9.4,4,LECA
2003,4,16,B,R,9.4,48,LECA
2003,4,16,C,R,10,2,LECA
2003,4,16,C,R,10.5,45,LECA
2003,4,16,C,L,12.1,9,LECA
2003,4,16,C,L,12.4,28,LECA
2003,4,16,C,L,12.4,11,LECA
2003,4,16,C,R,12.5,28,LECA
2003,4,16,C,L,12.5,27,LECA
2003,4,16,C,L,12.6,62,LECA
2003,4,16,C,L,12.9,5,LECA
2003,4,16,C,L,13,39,LECA
2003,4,16,C,R,13.2,23,LECA
2003,4,16,C,L,13.7,4,LECA
2003,4,16,C,R,13.7,5,LECA
2003,4,16,C,R,14.3,1,LECA
2003,4,16,C,L,14.5,22,LECA
2003,4,16,D,R,17,3,LECA
2003,4,16,D,R,17,39,LECA
2003,4,16,D,R,17,40,LECA
2003,4,16,D,R,17.2,55,LECA
2003,4,16,D,L,17.6,21,LECA
2003,4,16,D,R,19.4,26,LECA
2003,4,16,D,L,19.7,2,LECA
2003,4,16,D,L,19.7,4,LECA
2003,4,16,D,R,20.3,5,LECA
2003,4,30,A,R,0.3,17,LECA
2003,4,30,A,R,4,18,LECA
2003,4,30,A,R,5.3,22,LECA
2003,4,30,B,R,7.3,32,LECA
2003,4,30,B,L,7.7,49,SYAU
2003,4,30,B,C,9.8,0,LECA
2003,4,30,C,L,11.7,31,LECA
2003,4,30,C,L,12.1,1,LECA
2003,4,30,C,L,13,2,LECA
2003,4,30,C,L,13.2,2,LECA
2003,4,30,C,L,16.4,41,LECA
2003,4,30,D,R,17,2,LECA
2003,4,30,D,C,17.1,0,LECA
2003,4,30,D,L,17.7,17,LECA
2003,4,30,D,R,20.1,30,LECA
2003,6,14,A,L,0.7,4,SYAU
2003,6,14,A,L,0.7,7,SYAU
2003,6,14,A,R,0.75,3,LECA
2003,6,14,A,R,1.4,1,LECA
2003,6,14,A,L,2.8,12,LECA
2003,6,14,A,R,3.1,3,LECA
2003,6,14,A,R,3.1,3,LECA
2003,6,14,A,R,3.5,11,LECA
2003,6,14,A,L,3.4,1,LECA
2003,6,14,A,L,5.8,17,LECA
2003,6,14,B,L,2.9,20,SYAU
2003,6,14,B,L,6.1,22,LECA
2003,6,14,B,R,6.7,3,LECA
2003,6,14,B,L,7.8,4,SYAU
2003,6,14,B,R,8.9,11,LECA
2003,6,14,B,R,9.3,7,SYAU
2003,6,14,B,L,9.7,2,LECA
2003,6,14,B,R,9.8,16,LECA
2003,6,14,C,C,12.8,0,LECA
2003,6,14,C,L,13.2,1,LECA
2003,6,14,C,L,13.2,2,LECA
2003,6,14,C,C,13.5,0,LECA
2003,6,14,C,C,14.5,0,LECA
2003,6,14,C,C,14.6,0,LECA
2003,6,14,C,C,15,0,LECA
2003,6,14,D,C,17,0,SYAU
2003,6,14,D,C,17,0,SYAU
2003,6,14,D,C,17.3,0,SYAU
2003,6,14,D,C,17.8,0,LECA
2003,6,14,D,L,18,15,LECA
2003,6,14,D,L,18.2,18,LECA
2003,6,14,D,L,18.3,1,LECA
2003,6,14,D,R,18.7,30,LECA
2003,6,14,D,C,18.9,0,LECA
2003,6,14,D,R,19.5,16,LECA
2003,6,14,D,C,20.3,0,LECA
2003,6,14,D,C,20.6,0,LECA
2003,6,14,D,C,21.1,0,LECA
2003,6,14,D,L,21.2,21,LECA
2003,6,14,D,L,21.8,30,LECA
2003,6,14,D,R,21.8,20,LECA
2003,6,14,D,L,21.8,42,LECA
2003,6,14,D,R,21.9,2,LECA
2003,6,14,D,R,22.1,5,LECA
2003,7,10,A,L,0.2,24,LECA
2003,7,10,A,R,0.4,3,LECA
2003,7,10,A,L,0.4,4,LECA
2003,7,10,A,R,0.7,46,LECA
2003,7,10,A,R,1.3,2,LECA
2003,7,10,A,L,2.1,4,LECA
2003,7,10,A,C,2.3,0,LECA
2003,7,10,A,L,3.3,8,LECA
2003,7,10,B,R,6.1,5,LECA
2003,7,10,B,L,6.9,4,LECA
2003,7,10,B,L,7.2,26,LECA
2003,7,10,B,L,7.5,23,LECA
2003,7,10,B,L,8,1,LECA
2003,7,10,B,L,8.5,6,SYAU
2003,7,10,B,R,8.8,5,SYAU
2003,7,10,B,R,9.2,29,LECA
2003,7,10,B,R,9.7,4,LECA
2003,7,10,C,R,10.9,18,LECA
2003,7,10,C,L,11,34,LECA
2003,7,10,C,L,12.7,52,LECA
2003,7,10,C,R,12.9,32,LECA
2003,7,10,C,C,13.1,0,LECA
2003,7,10,C,R,13.15,1,LECA
2003,7,10,C,L,13.2,3,LECA
2003,7,10,C,L,13.3,45,LECA
2003,7,10,C,L,13.35,31,LECA
2003,7,10,C,L,13.6,5,LECA
2003,7,10,C,R,14.6,43,LECA
2003,7,10,C,L,14.9,9,LECA
2003,7,10,C,R,15,7,LECA
2003,7,10,C,L,15.1,26,LECA
2003,7,10,D,R,17.1,12,LECA
2003,7,10,D,R,17.2,7,LECA
2003,7,10,D,L,17.3,2,LECA
2003,7,10,D,R,17.6,17,LECA
2003,7,10,D,L,18,1,LECA
2003,7,10,D,R,18.1,28,LECA
2003,7,10,D,L,18.4,9,LECA
2003,7,10,D,R,18.6,3,LECA
2003,7,10,D,R,18.6,26,LECA
2003,7,10,D,L,18.6,28,SYAU
2003,7,10,D,L,18.65,57,LECA
2003,7,10,D,L,18.7,4,LECA
2003,7,10,D,L,18.8,3,LECA
2003,7,10,D,R,19.2,2,LECA
2003,7,10,D,C,20.4,0,LECA
2003,7,10,D,L,20.5,4,LECA
2003,7,10,D,L,20.9,26,LECA
2003,7,10,D,L,21.5,37,LECA
2003,10,3,A,L,2.9,10,LECA
2003,10,3,A,L,4.2,61,LECA
2003,10,3,A,R,5.7,26,SYAU
2003,10,3,C,L,10.7,30,LECA
2003,10,3,D,R,17.6,40,LECA
2003,10,6,B,L,7.4,63,LECA
2003,10,6,B,L,7.4,101,LECA
2003,10,6,B,R,8.1,11,LECA
2003,10,6,B,R,8.3,28,LECA
2003,10,6,B,L,8.9,28,LECA
2003,10,6,B,L,9.3,33,LECA
2003,10,6,C,L,10.9,39,LECA
2003,10,6,C,L,10.9,39,LECA
2003,10,6,C,L,11.2,12,LECA
2003,10,6,C,L,11.2,12,LECA
2003,10,6,C,L,14.6,29,LECA
2003,10,6,D,L,17.4,7,LECA
2003,10,6,D,L,18.3,39,LECA
2003,10,6,D,R,18.5,99,LECA
2003,10,6,D,R,18.5,99,LECA
2003,10,6,D,R,18.6,6,LECA
2003,10,6,D,R,19.4,32,LECA
2003,10,6,D,L,20.2,29,LECA
2003,10,6,D,L,21.3,3,LECA
2003,10,6,D,R,22.2,65,LECA
2003,10,6,D,R,22.2,65,LECA
2004,2,25,A,R,0.1,4,
2004,2,25,A,L,0.9,2,
2004,2,25,A,L,2.1,7,
2004,2,25,A,L,2.1,70,
2004,2,25,A,L,2.8,16,
2004,2,25,A,R,2.9,15,
2004,2,25,A,R,3.6,33,
2004,2,25,A,R,3.7,87,
2004,2,25,A,R,5,4,
2004,2,25,A,L,5.6,23,
2004,2,25,A,R,6,52,
2004,2,25,B,R,8.3,5,
2004,2,25,B,L,8.6,78,
2004,2,25,B,L,8.9,35,
2004,2,25,B,L,9,50,
2004,2,25,B,L,9,50,
2004,2,25,B,L,9.1,50,
2004,2,25,C,L,12,90,
2004,2,25,C,R,12.1,48,
2004,2,25,C,L,13,89,
2004,2,25,C,L,13.4,41,
2004,2,25,C,R,14.6,34,
2004,2,25,C,R,14.9,33,
2004,2,25,C,L,15.1,35,
2004,2,25,D,R,18.1,37,
2004,2,25,D,L,18.8,18,
2004,2,25,D,L,19.2,9,
2004,2,25,D,L,20.2,4,
2004,2,25,D,R,21.5,35,
2004,5,3,A,L,0.3,1,LECA
2004,5,3,A,L,2.5,7,LECA
2004,5,3,B,C,6.6,0,SYAU
2004,5,3,B,L,7.4,12,LECA
2004,5,3,B,L,7.6,40,LECA
2004,5,3,B,L,8,42,LECA
2004,5,3,B,L,8,42,LECA
2004,5,3,B,L,8,42,LECA
2004,5,3,B,L,8,42,LECA
2004,5,3,B,L,8.4,24,LECA
2004,5,3,B,R,9.4,24,LECA
2004,5,3,B,L,9.5,70,LECA
2004,5,3,B,R,9.5,3,LECA
2004,5,3,B,L,9.9,57,LECA
2004,5,3,B,L,10,37,LECA
2004,5,3,C,L,10.5,1,SYAU
2004,5,3,C,L,11.5,36,LECA
2004,5,3,C,R,11.55,25,LECA
2004,5,3,C,L,13.1,76,LECA
2004,5,3,C,L,14.6,29,LECA
2004,5,3,C,L,15.2,33,LECA
2004,5,3,D,L,17.8,4,LECA
2004,5,3,D,L,18.1,20,LECA
2004,5,3,D,L,18.8,4,LECA
2004,5,3,D,L,18.8,4,LECA
2004,5,3,D,L,19.4,33,LECA
2004,5,3,D,R,21,5,LECA
2004,5,3,D,R,21.3,13,LECA
2004,5,3,D,R,21.3,13,LECA
2004,5,3,D,L,21.3,4,LECA
2004,5,3,D,L,21.4,4,LECA
2005,1,21,A,C,4,0,SYAU
2005,1,21,A,L,4,47,SYAU
2005,1,21,A,R,4,20,SYAU
2005,1,21,B,R,8.7,12,SYAU
2005,1,21,B,R,9.4,1,LECA
2005,1,21,B,R,9.4,1,LECA
2005,1,21,B,R,9.5,19,LECA
2005,1,21,C,R,10,13,SYAU
2005,1,21,C,L,11.9,32,LECA
2005,1,21,C,L,12.7,7,LECA
2005,1,21,D,L,17.1,2,SYAU
2005,1,21,D,L,17.2,12,LECA
2005,1,21,D,R,18.4,24,LECA
2005,2,4,A,L,0.2,26,LECA
2005,2,4,A,L,1.2,28,LECA
2005,2,4,A,L,1.4,38,LECA
2005,2,4,A,L,1.5,11,LECA
2005,2,4,A,L,1.6,30,LECA
2005,2,4,A,L,2.3,11,LECA
2005,2,4,A,L,2.4,30,LECA
2005,2,4,A,L,2.9,30,LECA
2005,2,4,A,L,2.9,32,LECA
2005,2,4,A,L,4.9,20,LECA
2005,2,4,B,L,6.3,11,SYAU
2005,2,4,B,L,7.6,3,SYAU
2005,2,4,B,L,8.9,10,LECA
2005,2,4,B,L,9.6,16,LECA
2005,2,4,C,L,11.1,16,LECA
2005,2,4,C,C,14.3,0,LECA
2005,2,4,D,C,17.8,0,LECA
2005,2,4,D,C,17.8,0,LECA
2005,2,4,D,C,17.9,0,LECA
2005,2,4,D,L,18.2,18,LECA
2005,2,4,D,L,18.9,18,LECA
2005,4,8,A,L,0.4,26,LECA
2005,4,8,A,L,0.8,43,LECA
2005,4,8,A,L,1.1,43,LECA
2005,4,8,A,L,1.2,45,LECA
2005,4,8,A,C,1.5,0,LECA
2005,4,8,A,L,1.8,31,LECA
2005,4,8,A,L,2.3,65,LECA
2005,4,8,A,L,2.9,54,LECA
2005,4,8,A,R,2.9,49,LECA
2005,4,8,A,L,3.1,40,LECA
2005,4,8,A,R,3.4,27,LECA
2005,4,8,A,C,4.8,0,LECA
2005,4,8,A,C,4.9,0,LECA
2005,4,8,B,L,5.9,39,LECA
2005,4,8,B,L,7.2,86,LECA
2005,4,8,B,L,7.4,12,LECA
2005,4,8,B,R,8.1,47,LECA
2005,4,8,B,R,8.1,47,LECA
2005,4,8,B,L,8.1,81,LECA
2005,4,8,C,C,12.1,0,LECA
2005,4,8,C,R,12.1,0,LECA
2005,4,8,C,L,14.9,67,LECA
2005,4,8,D,L,16.2,60,LECA
2005,4,8,D,C,19,0,LECA
2005,4,22,A,C,0.2,0,LECA
2005,4,22,A,L,0.6,51,LECA
2005,4,22,A,L,0.6,51,LECA
2005,4,22,A,C,2.4,0,LECA
2005,4,22,A,L,2.8,43,LECA
2005,4,22,A,L,2.9,72,LECA
2005,4,22,A,L,3.4,64,LECA
2005,4,22,A,R,4.1,2,LECA
2005,4,22,B,L,5.8,25,LECA
2005,4,22,B,C,5.9,0,LECA
2005,4,22,B,C,6,0,LECA
2005,4,22,B,L,7.5,33,LECA
2005,4,22,B,L,7.7,5,LECA
2005,4,22,B,C,7.8,0,LECA
2005,4,22,B,L,9,5,LECA
2005,4,22,B,L,9.1,54,LECA
2005,4,22,B,C,9.5,0,LECA
2005,4,22,B,L,9.7,29,LECA
2005,4,22,C,L,9.9,21,LECA
2005,4,22,C,L,10.4,34,LECA
2005,4,22,C,R,10.4,1,LECA
2005,4,22,C,L,12.6,63,LECA
2005,4,22,C,L,12.7,45,LECA
2005,4,22,C,L,12.9,1,LECA
2005,4,22,C,R,13,39,LECA
2005,4,22,D,L,18.1,1,LECA
2005,4,22,D,C,19.9,0,LECA
2005,4,22,D,L,20.6,37,LECA
2005,4,22,D,C,20.6,0,LECA
2005,4,22,D,C,20.6,0,LECA
2005,4,22,D,L,20.9,50,LECA
2005,7,7,A,R,0,3,LECA
2005,7,7,A,R,0.1,2,LECA
2005,7,7,A,L,0.5,5,LECA
2005,7,7,A,R,0.8,0,LECA
2005,7,7,A,R,1.4,0,LECA
2005,7,7,A,L,1.7,36,LECA
2005,7,7,A,L,2.1,0,LECA
2005,7,7,A,R,2.1,7,LECA
2005,7,7,A,R,2.1,0,LECA
2005,7,7,A,L,2.6,1,LECA
2005,7,7,A,L,2.9,11,LECA
2005,7,7,A,L,3.1,24,LECA
2005,7,7,A,L,3.4,2,LECA
2005,7,7,A,L,3.5,18,LECA
2005,7,7,A,L,3.6,20,LECA
2005,7,7,A,L,4,6,LECA
2005,7,7,A,L,4.5,32,LECA
2005,7,7,A,L,4.7,1,LECA
2005,7,7,A,L,5.4,52,LECA
2005,7,7,B,R,6,1,LECA
2005,7,7,B,R,6.5,38,LECA
2005,7,7,B,R,6.6,28,LECA
2005,7,7,B,R,6.9,3,LECA
2005,7,7,B,R,7.4,11,SYAU
2005,7,7,B,R,8.3,26,LECA
2005,7,7,B,L,8.7,2,LECA
2005,7,7,B,L,9.2,34,LECA
2005,7,7,C,L,11,7,LECA
2005,7,7,C,L,11,7,LECA
2005,7,7,C,L,11,7,LECA
2005,7,7,C,L,11.5,7,LECA
2005,7,7,C,R,11.6,84,LECA
2005,7,7,C,L,12.3,24,LECA
2005,7,7,C,R,12.5,2,LECA
2005,7,7,C,L,12.5,16,LECA
2005,7,7,C,R,14.3,2,LECA
2005,7,7,C,L,14.5,6,LECA
2005,7,7,C,R,15.3,3,LECA
2005,7,7,D,R,17.6,22,LECA
2005,7,7,D,L,18.7,10,LECA
2005,7,7,D,L,18.9,32,LECA
2005,7,7,D,L,20.1,3,LECA
2005,7,7,D,L,20.2,26,LECA
2005,7,7,D,R,20.3,1,SYAU
2005,7,7,D,L,20.3,3,SYAU
2005,7,7,D,R,20.6,32,LECA
2005,7,7,D,L,21.1,2,SYAU
2005,7,7,D,L,21.1,2,SYAU
2005,7,23,A,L,0,8,LECA
2005,7,23,A,R,0.3,2,LECA
2005,7,23,A,L,0.3,24,LECA
2005,7,23,A,L,0.3,31,LECA
2005,7,23,A,L,0.3,72,LECA
2005,7,23,A,L,0.4,66,LECA
2005,7,23,A,L,0.4,108,LECA
2005,7,23,A,L,0.4,100,LECA
2005,7,23,A,R,0.4,21,LECA
2005,7,23,A,L,1.5,19,LECA
2005,7,23,A,L,2.4,7,LECA
2005,7,23,A,L,2.6,41,LECA
2005,7,23,A,R,2.8,1,LECA
2005,7,23,A,L,2.9,44,LECA
2005,7,23,A,L,3,32,LECA
2005,7,23,A,L,3,1,LECA
2005,7,23,A,L,4.1,1,LECA
2005,7,23,A,L,4.3,69,LECA
2005,7,23,B,R,7.4,72,LECA
2005,7,23,B,L,7.6,1,LECA
2005,7,23,B,L,7.7,10,SYAU
2005,7,23,B,L,7.7,13,SYAU
2005,7,23,B,L,7.7,21,SYAU
2005,7,23,B,L,8.3,1,LECA
2005,7,23,B,R,8.7,1,SYAU
2005,7,23,B,L,8.9,1,SYAU
2005,7,23,B,C,9,0,LECA
2005,7,23,B,L,9.2,76,LECA
2005,7,23,B,R,9.4,26,LECA
2005,7,23,B,R,9.4,63,LECA
2005,7,23,B,R,9.4,1,SYAU
2005,7,23,C,L,10.5,28,LECA
2005,7,23,C,L,12.5,74,LECA
2005,7,23,C,C,12.6,0,LECA
2005,7,23,C,L,13,2,LECA
2005,7,23,C,L,13,38,LECA
2005,7,23,C,R,14.6,2,LECA
2005,7,23,C,R,15,2,LECA
2005,7,23,D,C,17.4,0,LECA
2005,7,23,D,L,19.2,2,LECA
2005,7,23,D,L,19.6,2,LECA
2005,7,23,D,R,20.2,19,LECA
2005,7,23,D,L,20.9,2,SYAU
2005,7,23,D,L,21.2,41,LECA
2005,7,23,D,L,21.3,20,LECA
2005,7,23,D,R,21.6,3,LECA
2005,10,14,A,R,2.7,30,SYAU
2005,10,14,A,L,2.7,24,LECA
2005,10,14,A,L,3,3,LECA
2005,10,14,A,R,3.9,5,LECA
2005,10,14,A,R,4,3,SYAU
2005,10,14,A,R,4,3,SYAU
2005,10,14,A,R,4.2,2,LECA
2005,10,14,A,C,4.8,0,LECA
2005,10,14,A,C,4.9,0,LECA
2005,10,14,A,L,5.2,6,LECA
2005,10,14,A,L,5.4,4,LECA
2005,10,14,B,R,5.5,3,LECA
2005,10,14,B,R,5.8,70,LECA
2005,10,14,B,L,6.5,4,LECA
2005,10,14,B,L,7,16,LECA
2005,10,14,B,L,7.1,3,LECA
2005,10,14,B,C,7.2,0,SYAU
2005,10,14,B,R,7.7,38,LECA
2005,10,14,B,R,7.9,28,LECA
2005,10,14,B,L,7.9,26,LECA
2005,10,14,B,L,8.2,30,LECA
2005,10,14,B,L,8.2,32,LECA
2005,10,14,B,R,8.8,16,LECA
2005,10,14,B,R,9.1,5,LECA
2005,10,14,B,R,9.5,30,LECA
2005,10,14,C,R,10,30,LECA
2005,10,14,C,R,10,8,SYAU
2005,10,14,C,L,10.2,30,LECA
2005,10,14,C,R,12.3,46,SYAU
2005,10,14,C,C,12.4,0,LECA
2005,10,14,C,L,12.6,50,LECA
2005,10,14,C,L,12.6,50,LECA
2005,10,14,C,R,13.4,44,LECA
2005,10,14,C,R,13.4,24,SYAU
2005,10,14,C,L,13.5,8,LECA
2005,10,14,D,L,19.1,28,LECA
2005,10,14,D,R,20.2,2,SYAU
2005,10,14,D,L,20.3,24,LECA
2005,10,14,D,R,20.5,15,LECA
2005,10,14,D,R,20.6,16,LECA
2005,10,28,A,R,0.1,8,LECA
2005,10,28,A,L,0.1,47,SYAU
2005,10,28,A,R,0.4,25,SYAU
2005,10,28,A,L,0.4,18,SYAU
2005,10,28,A,L,0.4,106,SYAU
2005,10,28,A,R,0.8,23,LECA
2005,10,28,A,R,1.9,4,LECA
2005,10,28,A,R,2.2,61,LECA
2005,10,28,A,L,2.2,0,SYAU
2005,10,28,A,R,2.4,50,LECA
2005,10,28,A,L,2.5,27,LECA
2005,10,28,A,L,2.5,56,LECA
2005,10,28,A,R,2.7,113,LECA
2005,10,28,A,L,2.9,27,NA
2005,10,28,A,C,3.4,0,LECA
2005,10,28,A,L,3.6,5,LECA
2005,10,28,A,L,4.2,35,LECA
2005,10,28,A,L,4.6,24,LECA
2005,10,28,A,R,5,18,LECA
2005,10,28,A,L,5.4,24,LECA
2005,10,28,A,L,5.5,31,LECA
2005,10,28,A,L,5.6,17,LECA
2005,10,28,A,R,5.7,33,LECA
2005,10,28,B,L,6.3,17,SYAU
2005,10,28,B,C,7.1,0,LECA
2005,10,28,B,L,7.2,31,LECA
2005,10,28,B,R,7.5,27,SYAU
2005,10,28,B,L,7.9,23,SYAU
2005,10,28,B,L,8.3,24,LECA
2005,10,28,B,R,8.5,37,LECA
2005,10,28,B,R,8.5,37,LECA
2005,10,28,B,L,8.6,18,LECA
2005,10,28,B,R,8.8,24,LECA
2005,10,28,B,L,9.1,32,SYAU
2005,10,28,B,R,9.1,44,LECA
2005,10,28,B,L,9.1,30,LECA
2005,10,28,B,R,9.2,40,LECA
2005,10,28,B,L,9.4,39,LECA
2005,10,28,B,R,9.7,41,LECA
2005,10,28,B,R,9.9,17,LECA
2005,10,28,C,L,11.2,21,LECA
2005,10,28,C,L,12,23,LECA
2005,10,28,C,C,12.9,0,LECA
2005,10,28,C,R,12.9,22,SYAU
2005,10,28,C,L,13.1,21,LECA
2005,10,28,C,L,14.7,39,LECA
2005,10,28,C,C,14.7,0,LECA
2005,10,28,D,R,16.7,18,LECA
2005,10,28,D,R,17.6,2,LECA
2006,1,14,A,L,0.5,40,LECA
2006,1,14,A,L,5.8,18,LECA
2006,1,14,B,L,8.4,15,LECA
2006,1,14,B,L,10,30,LECA
2006,1,14,C,R,11.7,84,LECA
2006,1,14,C,L,12,20,LECA
2006,1,14,C,L,16.4,65,LECA
2006,1,14,D,R,16.9,2,LECA
2006,1,14,D,L,17.1,41,LECA
2006,1,14,D,R,17.9,2,LECA
2006,1,14,D,L,17.9,18,LECA
2006,4,13,A,L,0.1,32,SYAU
2006,4,13,A,L,0.7,29,LECA
2006,4,13,A,L,1.6,47,LECA
2006,4,13,A,L,1.8,163,LECA
2006,4,13,A,R,1.9,108,LECA
2006,4,13,A,R,1.9,56,LECA
2006,4,13,A,R,2,142,LECA
2006,4,13,A,R,2,188,LECA
2006,4,13,A,R,3,66,LECA
2006,4,13,A,R,3,118,LECA
2006,4,13,A,C,3.1,0,LECA
2006,4,13,A,R,3.1,97,LECA
2006,4,13,A,R,3.1,60,LECA
2006,4,13,A,L,4,68,SYAU
2006,4,13,A,R,4.3,0,LECA
2006,4,13,A,C,4.8,0,LECA
2006,4,13,A,L,5.3,81,LECA
2006,4,13,A,R,5.4,69,LECA
2006,4,13,A,L,5.4,64,LECA
2006,4,13,B,C,6.2,0,SYAU
2006,4,13,B,R,6.6,9,SYAU
2006,4,13,B,R,6.6,9,SYAU
2006,4,13,B,C,6.7,0,SYAU
2006,4,13,B,R,7,39,LECA
2006,4,13,B,R,7.1,43,LECA
2006,4,13,B,L,7.1,44,LECA
2006,4,13,B,L,7.2,13,LECA
2006,4,13,B,L,7.2,13,LECA
2006,4,13,B,R,7.2,47,LECA
2006,4,13,B,L,7.8,39,LECA
2006,4,13,B,C,7.9,0,LECA
2006,4,13,B,L,7.9,54,LECA
2006,4,13,B,L,8.5,63,LECA
2006,4,13,B,C,8.6,0,LECA
2006,4,13,B,R,8.8,44,LECA
2006,4,13,B,L,9.4,11,SYAU
2006,4,13,B,C,9.4,0,LECA
2006,4,13,B,R,9.5,37,LECA
2006,4,13,B,R,9.5,37,LECA
2006,4,13,B,C,9.6,0,LECA
2006,4,13,B,C,9.9,0,LECA
2006,4,13,C,L,10.3,34,LECA
2006,4,13,C,R,10.7,67,LECA
2006,4,13,C,C,10.8,0,LECA
2006,4,13,C,R,11.2,26,LECA
2006,4,13,C,R,11.4,51,LECA
2006,4,13,C,C,12.5,0,LECA
2006,4,13,C,C,12.6,0,LECA
2006,4,13,C,C,12.6,0,LECA
2006,4,13,C,L,12.7,22,LECA
2006,4,13,C,L,12.7,44,LECA
2006,4,13,C,L,12.8,49,LECA
2006,4,13,C,L,12.8,102,LECA
2006,4,13,C,C,13,0,LECA
2006,4,13,C,C,13,0,LECA
2006,4,13,C,C,13,0,LECA
2006,4,13,C,C,13.6,0,LECA
2006,4,13,C,L,14,31,LECA
2006,4,13,C,R,14.4,41,LECA
2006,4,13,C,R,14.4,41,LECA
2006,4,13,C,L,14.5,16,LECA
2006,4,13,C,R,14.6,91,LECA
2006,4,13,C,L,14.7,54,LECA
2006,4,13,C,L,14.7,0,LECA
2006,4,13,C,C,14.8,0,LECA
2006,4,13,C,C,14.8,0,LECA
2006,4,13,C,L,15.1,40,LECA
2006,4,13,C,L,15.5,40,LECA
2006,4,13,C,L,15.5,57,LECA
2006,4,13,C,C,16.7,0,LECA
2006,4,13,D,C,17,0,LECA
2006,4,13,D,C,17.3,0,LECA
2006,4,13,D,C,17.3,69,LECA
2006,4,13,D,L,17.4,44,LECA
2006,4,13,D,C,18.4,0,LECA
2006,4,13,D,R,18.6,9,LECA
2006,4,13,D,L,18.6,3,LECA
2006,4,13,D,L,18.8,63,LECA
2006,4,13,D,L,19,39,LECA
2006,4,13,D,L,19.1,25,LECA
2006,4,13,D,L,20.1,42,LECA
2006,4,13,D,L,20.2,46,LECA
2006,4,13,D,C,20.2,0,LECA
2006,4,13,D,R,20.4,54,LECA
2006,4,13,D,L,20.7,40,LECA
2006,4,13,D,L,20.7,40,LECA
2006,4,13,D,L,21,23,LECA
2006,4,13,D,L,21,22,LECA
2006,4,13,D,R,21.5,50,LECA
2006,7,10,A,R,0.25,71,LECA
2006,7,10,A,L,0.4,2,LECA
2006,7,10,A,L,0.4,2,LECA
2006,7,10,A,R,0.7,115,LECA
2006,7,10,A,L,0.8,21,LECA
2006,7,10,A,L,1.4,25,LECA
2006,7,10,A,R,2.4,2,LECA
2006,7,10,A,R,3.3,9,LECA
2006,7,10,A,L,3.3,2,LECA
2006,7,10,A,L,3.3,2,LECA
2006,7,10,A,L,3.4,2,LECA
2006,7,10,A,R,3.4,2,LECA
2006,7,10,A,L,3.5,2,LECA
2006,7,10,A,L,3.8,82,LECA
2006,7,10,A,L,3.8,82,LECA
2006,7,10,A,R,4.8,70,LECA
2006,7,10,A,R,5,19,LECA
2006,7,10,B,L,6.2,2,LECA
2006,7,10,B,L,7.2,15,LECA
2006,7,10,B,R,7.4,1,LECA
2006,7,10,B,L,7.7,35,SYAU
2006,7,10,B,R,8.2,1,LECA
2006,7,10,B,L,8.3,41,LECA
2006,7,10,B,R,8.6,1,LECA
2006,7,10,B,L,8.6,42,LECA
2006,7,10,B,L,8.7,69,LECA
2006,7,10,B,L,9.2,45,LECA
2006,7,10,B,L,9.5,103,LECA
2006,7,10,B,R,9.6,54,LECA
2006,7,10,B,L,9.7,1,LECA
2006,7,10,B,R,9.9,18,SYAU
2006,7,10,C,L,10.7,18,LECA
2006,7,10,C,C,13,0,LECA
2006,7,10,C,R,13,6,LECA
2006,7,10,C,L,14.7,21,SYAU
2006,7,10,C,L,14.7,49,LECA
2006,7,10,C,L,14.9,28,LECA
2006,7,10,C,R,15,3,LECA
2006,7,10,C,L,15.5,9,LECA
2006,7,10,C,R,15.6,59,LECA
2006,7,10,C,L,15.8,53,LECA
2006,7,10,C,L,15.8,46,LECA
2006,7,10,C,L,15.8,47,LECA
2006,7,10,C,L,16.2,65,LECA
2006,7,10,D,L,17.1,22,LECA
2006,7,10,D,L,18.4,57,LECA
2006,7,10,D,R,18.8,27,LECA
2006,7,10,D,R,18.8,36,LECA
2006,7,10,D,L,18.8,30,LECA
2006,7,10,D,L,18.8,34,LECA
2006,7,10,D,L,19.5,123,LECA
2006,7,10,D,R,19.5,28,LECA
2006,7,10,D,R,19.7,1,LECA
2006,7,10,D,R,19.7,68,LECA
2006,7,10,D,L,19.9,66,LECA
2006,7,10,D,R,19.9,37,LECA
2006,7,10,D,L,19.9,62,LECA
2006,7,10,D,L,20,81,LECA
2006,7,10,D,L,20.2,22,LECA
2006,7,10,D,R,21.3,40,LECA
2006,10,6,A,R,0.5,25,SYAU
2006,10,6,A,C,0.7,0,LECA
2006,10,6,A,R,1,21,LECA
2006,10,6,A,R,2.6,20,LECA
2006,10,6,A,R,2.6,20,LECA
2006,10,6,A,R,2.9,16,LECA
2006,10,6,A,L,3,48,LECA
2006,10,6,A,R,3,17,LECA
2006,10,6,A,R,3.6,1,LECA
2006,10,6,A,C,4.3,0,LECA
2006,10,6,A,L,4.6,25,LECA
2006,10,6,A,L,4.6,25,LECA
2006,10,6,A,R,4.7,27,LECA
2006,10,6,A,C,5.3,0,LECA
2006,10,6,A,C,5.8,0,LECA
2006,10,6,A,C,5.8,0,LECA
2006,10,6,A,C,5.8,0,LECA
2006,10,6,A,L,5.9,18,LECA
2006,10,6,B,R,6.2,22,LECA
2006,10,6,B,L,7.4,22,LECA
2006,10,6,B,L,7.7,2,SYAU
2006,10,6,B,L,7.8,8,SYAU
2006,10,6,B,L,8.1,13,LECA
2006,10,6,B,L,8.4,1,LECA
2006,10,6,B,R,8.4,29,LECA
2006,10,6,B,L,8.5,3,LECA
2006,10,6,B,L,8.6,11,LECA
2006,10,6,B,C,9.8,0,LECA
2006,10,6,B,R,10,42,LECA
2006,10,6,B,L,10.1,1,LECA
2006,10,6,B,L,10,42,LECA
2006,10,6,B,R,10,20,LECA
2006,10,6,C,L,12.8,26,LECA
2006,10,6,C,L,13,28,LECA
2006,10,6,C,L,13,28,LECA
2006,10,6,C,L,13.1,17,LECA
2006,10,6,C,L,13.2,20,LECA
2006,10,6,C,R,13.5,1,LECA
2006,10,6,C,L,14.2,17,LECA
2006,10,6,C,L,14.9,29,LECA
2006,10,6,D,L,16.9,20,LECA
2006,10,6,D,L,17.9,39,LECA
2006,10,6,D,R,18.4,31,LECA
2006,10,6,D,R,19.3,10,LECA
2006,10,6,D,R,20.1,25,LECA
2006,10,6,D,R,20.2,21,LECA
2006,10,6,D,L,21.6,34,SYAU
2006,10,6,D,R,21.9,54,LECA
2007,2,2,A,R,0.3,110,SYAU
2007,2,2,A,R,0.3,110,SYAU
2007,2,2,A,R,5.9,30,LECA
2007,2,2,B,R,7.2,18,LECA
2007,2,2,B,L,8,89,LECA
2007,2,2,B,R,8.5,20,SYAU
2007,2,2,C,R,11.5,33,LECA
2007,2,2,C,L,11.6,2,LECA
2007,2,2,C,R,12.8,2,LECA
2007,2,2,C,R,12.8,2,LECA
2007,2,2,C,R,14.3,22,LECA
2007,3,19,A,L,1,38,LECA
2007,3,19,A,L,2.9,49,LECA
2007,3,19,A,C,3.5,0,LECA
2007,3,19,A,L,3.7,20,LECA
2007,3,19,A,C,4.4,0,LECA
2007,3,19,A,L,4.5,93,LECA
2007,3,19,B,C,7.7,0,LECA
2007,3,19,B,L,7.8,35,LECA
2007,3,19,B,R,8.5,0,LECA
2007,3,19,C,R,12.1,20,LECA
2007,3,19,C,C,12.2,0,LECA
2007,3,19,C,C,12.2,0,LECA
2007,3,19,C,C,12.2,0,LECA
2007,3,19,C,L,12.2,2,LECA
2007,3,19,C,L,12.2,2,LECA
2007,3,19,C,L,13,37,LECA
2007,3,19,C,L,13.1,24,LECA
2007,3,19,C,L,13.1,52,LECA
2007,3,19,C,R,13.1,27,LECA
2007,3,19,C,R,13.3,15,LECA
2007,3,19,C,C,14.1,0,LECA
2007,3,19,C,C,14.2,0,LECA
2007,3,19,C,R,14.5,18,LECA
2007,3,19,C,C,14.6,0,LECA
2007,3,19,C,R,14.7,22,LECA
2007,3,19,C,R,14.8,18,LECA
2007,3,19,C,L,15,35,LECA
2007,3,19,C,C,15.1,0,LECA
2007,3,19,C,L,15.9,59,LECA
2007,3,19,D,C,17.6,0,LECA
2007,3,19,D,L,18.2,18,LECA
2007,3,19,D,C,19.3,0,LECA
2007,3,19,D,C,19.3,0,LECA
2007,3,19,D,L,19.9,15,LECA
2007,3,19,D,C,21.2,0,LECA
2007,3,19,D,R,21.3,30,LECA
2007,3,19,D,R,21.4,1,LECA
2007,4,5,A,R,1.9,2,LECA
2007,4,5,A,R,1.9,2,LECA
2007,4,5,A,R,1.9,2,LECA
2007,4,5,B,R,7.4,14,LECA
2007,4,5,B,L,7.4,14,LECA
2007,4,5,B,R,7.4,0,LECA
2007,4,5,B,R,7.6,0,LECA
2007,4,5,B,L,9.5,1,LECA
2007,4,5,B,L,9.5,11,SYAU
2007,4,5,B,L,10,1,SYAU
2007,4,5,B,R,10.1,1,LECA
2007,4,5,C,L,11,42,LECA
2007,4,5,C,C,11,0,SYAU
2007,4,5,C,R,11.3,37,LECA
2007,4,5,C,R,11.5,55,LECA
2007,4,5,C,R,11.5,101,LECA
2007,4,5,C,R,12.1,130,LECA
2007,4,5,C,C,12.4,0,LECA
2007,4,5,C,C,12.5,0,LECA
2007,4,5,C,L,13.1,50,LECA
2007,4,5,C,L,13.2,54,LECA
2007,4,5,C,R,13.2,44,LECA
2007,4,5,C,L,13.2,1,LECA
2007,4,5,C,R,13.2,1,LECA
2007,4,5,C,R,13.2,2,LECA
2007,4,5,C,R,14.3,2,LECA
2007,4,5,C,L,14.4,27,SYAU
2007,4,5,C,R,14.6,2,LECA
2007,4,5,C,L,14.8,0,LECA
2007,4,5,C,R,16,37,SYAU
2007,4,5,D,R,18.2,3,LECA
2007,4,5,D,L,18.3,2,LECA
2007,4,5,D,R,18.6,2,LECA
2007,4,5,D,R,18.6,2,LECA
2007,4,5,D,L,20.2,1,LECA
2007,4,5,D,L,20.4,2,LECA
2007,4,5,D,L,21.1,1,LECA
2007,4,5,D,R,21.2,1,LECA
2007,4,5,D,L,21.8,3,LECA
2007,7,29,A,R,0.3,3,LECA
2007,7,29,A,R,0.3,49,SYAU
2007,7,29,A,R,1.6,3,LECA
2007,7,29,A,L,1.7,2,LECA
2007,7,29,A,R,1.7,3,LECA
2007,7,29,A,R,2.9,24,LECA
2007,7,29,A,R,3.3,22,LECA
2007,7,29,A,R,3.5,3,LECA
2007,7,29,A,C,3.7,0,LECA
2007,7,29,A,R,3.7,1,LECA
2007,7,29,A,L,4.2,3,LECA
2007,7,29,A,L,4.5,2,LECA
2007,7,29,A,R,5.1,2,LECA
2007,7,29,A,R,5.6,2,LECA
2007,7,29,A,R,5.6,2,LECA
2007,7,29,A,R,5.8,12,LECA
2007,7,29,A,L,5.9,2,LECA
2007,7,29,B,R,7.3,36,LECA
2007,7,29,B,R,8.5,2,LECA
2007,7,29,B,R,8.5,46,LECA
2007,7,29,B,C,8.9,0,LECA
2007,7,29,B,L,9.4,18,LECA
2007,7,29,B,C,9.5,0,LECA
2007,7,29,B,L,9.8,16,LECA
2007,7,29,B,R,9.8,1,LECA
2007,7,29,C,L,10.5,8,LECA
2007,7,29,C,L,10.5,9,SYAU
2007,7,29,C,R,10.7,51,LECA
2007,7,29,C,R,11,38,LECA
2007,7,29,C,L,11.5,97,LECA
2007,7,29,C,L,11.5,90,LECA
2007,7,29,C,R,11.7,51,LECA
2007,7,29,C,L,11.7,33,LECA
2007,7,29,C,L,11.8,14,LECA
2007,7,29,C,R,12,2,LECA
2007,7,29,C,L,12.2,14,LECA
2007,7,29,C,L,13.1,20,LECA
2007,7,29,C,C,13.2,0,LECA
2007,7,29,C,L,13.2,16,LECA
2007,7,29,C,R,13.2,26,LECA
2007,7,29,C,L,13.4,24,LECA
2007,7,29,C,R,14.1,57,LECA
2007,7,29,C,R,14.3,88,LECA
2007,7,29,C,L,14.9,7,LECA
2007,7,29,C,C,15.1,0,LECA
2007,7,29,C,C,15.6,0,LECA
2007,7,29,C,R,15.7,2,LECA
2007,7,29,C,R,16.1,1,LECA
2007,7,29,C,R,16.2,153,LECA
2007,7,29,D,L,17,16,LECA
2007,7,29,D,L,17,16,LECA
2007,7,29,D,L,17.2,5,LECA
2007,7,29,D,L,18.5,35,LECA
2007,7,29,D,L,19.4,18,LECA
2007,7,29,D,L,19.9,1,LECA
2007,7,29,D,L,20.3,2,LECA
2007,7,29,D,L,20.4,5,LECA
2007,7,29,D,L,20.5,2,LECA
2007,7,29,D,R,20.5,2,LECA
2007,7,29,D,R,20.7,2,LECA
2007,7,29,D,L,21.1,1,LECA
2007,7,29,D,R,21.5,29,LECA
2007,7,29,D,R,21.6,2,LECA
2007,7,29,D,L,21.7,31,LECA
2007,7,29,D,L,21.8,11,LECA
2007,7,29,D,R,21.9,2,LECA
2007,7,29,D,L,21.9,6,LECA
2007,7,29,D,R,22.1,33,LECA
2007,10,26,A,L,0,48,LECA
2007,10,26,A,L,0.1,20,LECA
2007,10,26,A,R,0.3,20,LECA
2007,10,26,A,L,0.3,4,LECA
2007,10,26,A,L,0.6,60,LECA
2007,10,26,A,L,3.3,0,LECA
2007,10,26,A,L,3.3,24,LECA
2007,10,26,A,R,3.5,5,LECA
2007,10,26,A,C,4.4,0,LECA
2007,10,26,A,C,4.4,0,LECA
2007,10,26,A,R,4.5,4,LECA
2007,10,26,A,C,4.8,0,LECA
2007,10,26,A,C,4.8,0,LECA
2007,10,26,A,R,5,32,LECA
2007,10,26,A,C,5.1,0,LECA
2007,10,26,A,C,5.7,0,LECA
2007,10,26,A,C,5.8,0,SYAU
2007,10,26,B,C,6.2,0,LECA
2007,10,26,B,R,6.2,18,LECA
2007,10,26,B,L,6.9,16,LECA
2007,10,26,B,L,7.3,24,LECA
2007,10,26,B,L,7.5,60,LECA
2007,10,26,B,L,7.9,16,LECA
2007,10,26,B,C,8,0,LECA
2007,10,26,B,L,8.4,34,SYAU
2007,10,26,B,C,9.4,0,LECA
2007,10,26,B,L,9.4,20,LECA
2007,10,26,B,L,9.4,20,LECA
2007,10,26,B,R,9.6,24,LECA
2007,10,26,B,R,9.6,5,LECA
2007,10,26,C,C,10.1,0,LECA
2007,10,26,C,R,10.1,1,LECA
2007,10,26,C,R,11,32,LECA
2007,10,26,C,L,12.2,52,LECA
2007,10,26,C,L,12.7,30,LECA
2007,10,26,C,L,12.7,30,LECA
2007,10,26,C,L,12.7,6,LECA
2007,10,26,C,L,13,1,LECA
2007,10,26,C,R,13.8,56,LECA
2007,10,26,C,R,14.3,1,LECA
2007,10,26,C,L,14.4,1,LECA
2007,10,26,C,L,14.7,14,LECA
2007,10,26,C,R,15.1,20,LECA
2007,10,26,C,R,15.1,20,LECA
2007,10,26,D,L,20.6,55,LECA
2007,10,26,D,L,20.6,55,LECA
2007,10,26,D,C,21.2,0,LECA
2008,1,25,A,C,0.2,0,SYAU
2008,1,25,A,L,0.3,18,LECA
2008,1,25,A,L,0.3,48,LECA
2008,1,25,A,L,0.4,22,LECA
2008,1,25,A,L,0.4,27,LECA
2008,1,25,A,L,1.5,64,LECA
2008,1,25,A,R,2.6,71,LECA
2008,1,25,A,C,5.5,0,LECA
2008,1,25,A,R,5.8,18,LECA
2008,1,25,B,L,7.5,37,LECA
2008,1,25,B,L,8.9,31,LECA
2008,1,25,B,C,9.6,0,LECA
2008,1,25,B,R,10,27,SYAU
2008,1,25,B,R,11.3,31,LECA
2008,1,25,B,R,11.3,31,LECA
2008,1,25,C,L,13.1,2,LECA
2008,1,25,C,L,13.1,31,LECA
2008,1,25,C,R,13.2,1,LECA
2008,1,25,C,R,13.5,1,LECA
2008,1,25,C,L,14.4,2,SYAU
2008,1,25,C,L,14.4,27,LECA
2008,1,25,C,L,14.5,42,LECA
2008,1,25,C,L,14.8,27,LECA
2008,1,25,C,L,15,24,LECA
2008,1,25,C,L,15.1,35,LECA
2008,1,25,D,L,21.5,2,LECA
2008,4,18,A,C,0.5,0,LECA
2008,4,18,A,C,0.5,0,LECA
2008,4,18,A,C,0.5,0,LECA
2008,4,18,A,L,1.5,3,SYAU
2008,4,18,A,L,1.5,3,LECA
2008,4,18,A,R,1.6,0,LECA
2008,4,18,A,C,1.8,0,LECA
2008,4,18,A,C,2.8,0,LECA
2008,4,18,A,L,3.2,1,LECA
2008,4,18,A,C,3.5,0,LECA
2008,4,18,A,C,3.5,0,LECA
2008,4,18,A,R,5.1,1,LECA
2008,4,18,B,C,6.4,0,LECA
2008,4,18,B,L,7,2,LECA
2008,4,18,B,R,7.1,16,LECA
2008,4,18,B,C,9.6,0,LECA
2008,4,18,C,C,10,0,LECA
2008,4,18,C,R,10,3,SYAU
2008,4,18,C,R,10.3,23,LECA
2008,4,18,C,C,10.9,0,LECA
2008,4,18,C,L,11,1,LECA
2008,4,18,C,L,11.2,2,LECA
2008,4,18,C,L,12,1,LECA
2008,4,18,C,C,12.5,0,LECA
2008,4,18,C,R,12.7,3,LECA
2008,4,18,C,R,12.7,2,LECA
2008,4,18,C,C,12.9,0,LECA
2008,4,18,C,L,13.2,22,LECA
2008,4,18,C,R,13.6,3,LECA
2008,4,18,C,R,14.1,31,LECA
2008,4,18,C,L,14.6,26,LECA
2008,4,18,C,L,14.6,37,LECA
2008,4,18,C,R,14.8,2,LECA
2008,4,18,C,L,14.9,2,LECA
2008,4,18,C,R,14.9,2,LECA
2008,4,18,C,R,15.1,2,LECA
2008,4,18,C,L,15.5,35,LECA
2008,4,18,C,L,15.5,2,LECA
2008,4,18,C,R,15.6,2,LECA
2008,4,18,C,L,15.6,28,LECA
2008,4,18,C,L,16,2,LECA
2008,4,18,C,R,16.7,2,LECA
2008,4,18,C,L,16.7,2,LECA
2008,4,18,C,L,16.8,2,LECA
2008,4,18,D,L,17,42,LECA
2008,4,18,D,R,17.6,2,LECA
2008,4,18,D,L,18.2,2,LECA
2008,4,18,D,R,19.2,2,LECA
2008,4,18,D,L,19.7,2,LECA
2008,4,18,D,L,20.2,2,LECA
2008,4,18,D,L,20.3,65,LECA
2008,4,18,D,R,20.4,26,LECA
2008,4,18,D,L,20.6,55,LECA
2008,4,18,D,R,20.8,2,LECA
2008,4,18,D,L,20.9,2,LECA
2008,4,18,D,L,21.4,37,LECA
2008,4,18,D,R,21.7,94,LECA
2008,10,17,A,L,0.1,20,LECA
2008,10,17,A,L,0.1,20,LECA
2008,10,17,A,L,0.4,15,LECA
2008,10,17,A,L,0.1,4,LECA
2008,10,17,A,C,5.5,0,LECA
2008,10,17,B,R,7.3,80,LECA
2008,10,17,C,R,10.4,26,LECA
2008,10,17,C,R,11.1,48,LECA
2008,10,17,C,R,11.1,48,LECA
2008,10,17,C,R,11.2,38,LECA
2008,10,17,C,R,15.7,38,LECA
2008,10,17,D,C,20.4,0,LECA
2008,10,17,D,L,20.4,18,LECA
2008,10,17,D,C,21.3,0,LECA
2008,10,17,D,C,21.3,0,LECA
2008,10,17,D,C,22.1,0,LECA
2008,10,17,D,C,22.1,0,LECA
2008,10,17,D,C,22.1,0,LECA
2009,1,9,B,L,6.2,46,LECA
2009,1,9,B,L,8.4,24,LECA
2009,1,9,B,L,10,12,LECA
2009,1,9,C,L,12.2,29,LECA
2009,1,9,C,L,12.6,95,SYAU
2009,1,9,C,L,14,97,LECA
2009,1,9,D,L,17.7,1,LECA
2009,1,9,D,R,21.3,2,LECA
2009,4,10,A,L,1.1,13,LECA
2009,4,10,A,C,2,0,LECA
2009,4,10,A,R,2.9,23,LECA
2009,4,10,A,C,2.9,0,LECA
2009,4,10,A,C,3.6,0,LECA
2009,4,10,A,R,4.4,29,LECA
2009,4,10,A,L,4.7,8,LECA
2009,4,10,A,R,5,11,LECA
2009,4,10,A,R,5,11,LECA
2009,4,10,B,R,6.5,3,LECA
2009,4,10,B,R,8.9,1,LECA
2009,4,10,B,R,9.2,1,SYAU
2009,4,10,B,R,9.3,15,SYAU
2009,4,10,B,R,9.5,35,LECA
2009,4,10,C,R,13.3,24,LECA
2009,4,10,C,R,14.4,15,LECA
2009,4,10,D,R,18.4,16,LECA
2009,4,10,D,L,19.5,24,LECA
2009,7,7,A,C,0.1,0,LECA
2009,7,7,A,R,1.4,2,LECA
2009,7,7,A,C,2,0,LECA
2009,7,7,A,L,2.2,49,LECA
2009,7,7,A,L,2.2,49,LECA
2009,7,7,A,R,2.2,48,LECA
2009,7,7,A,R,2.9,2,LECA
2009,7,7,A,C,3.4,0,LECA
2009,7,7,A,L,3.4,4,LECA
2009,7,7,A,L,3.6,1,SYAU
2009,7,7,A,R,4,20,LECA
2009,7,7,B,C,7.9,0,LECA
2009,7,7,B,L,8.1,38,LECA
2009,7,7,B,C,8.8,0,LECA
2009,7,7,B,L,9,49,LECA
2009,7,7,B,R,9.4,15,LECA
2009,7,7,C,L,11.7,35,LECA
2009,7,7,C,L,14.1,42,SYAU
2009,7,7,C,R,14.4,37,SYAU
2009,7,7,C,R,14.6,1,SYAU
2009,7,7,C,R,15.1,48,LECA
2009,7,7,C,R,15.9,6,LECA
2009,7,7,C,R,15.9,1,LECA
2009,7,7,D,L,16.9,42,LECA
2009,7,7,D,L,17.1,31,LECA
2009,7,7,D,R,17.5,35,LECA
2009,7,7,D,C,17.7,0,LECA
2009,7,7,D,L,17.9,1,LECA
2009,7,7,D,L,18.1,29,LECA
2009,7,7,D,R,18.2,15,LECA
2009,7,7,D,L,18.3,20,LECA
2009,7,7,D,L,18.3,16,LECA
2009,7,7,D,R,18.4,35,LECA
2009,7,7,D,R,21.3,1,LECA
2009,7,7,D,R,21.3,4,LECA
2009,7,7,D,L,21.3,3,LECA
2009,7,7,D,R,21.4,31,LECA
2009,10,30,A,R,0.1,15,LECA
2009,10,30,A,R,1,2,LECA
2009,10,30,A,R,1,22,LECA
2009,10,30,A,R,1.3,15,LECA
2009,10,30,A,R,1.8,38,LECA
2009,10,30,A,R,2.1,2,LECA
2009,10,30,A,R,2.5,27,LECA
2009,10,30,A,L,3.7,2,LECA
2009,10,30,A,R,4.3,49,LECA
2009,10,30,A,C,4.5,0,LECA
2009,10,30,C,L,10.7,16,LECA
2009,10,30,C,L,11.3,20,LECA
2009,10,30,C,R,11.6,29,LECA
2009,10,30,C,R,13.1,49,LECA
2009,10,30,C,C,13.2,0,LECA
2009,10,30,C,L,13.2,66,LECA
2009,10,30,C,L,15.2,42,LECA
2009,10,30,D,L,18.1,5,LECA
2009,10,30,D,R,20.2,2,LECA
2010,1,29,A,R,0.1,35,LECA
2010,1,29,A,R,1.3,38,LECA
2010,1,29,A,R,3.3,49,LECA
2010,1,29,B,R,6.7,16,LECA
2010,1,29,B,R,7.1,18,LECA
2010,1,29,B,R,8.7,42,LECA
2010,1,29,B,L,9.8,108,LECA
2010,1,29,C,R,12.9,68,LECA
2010,1,29,C,R,12.9,68,LECA
2010,1,29,C,C,13.2,2,LECA
2010,1,29,D,R,17.9,69,LECA
2010,1,29,D,R,18.2,33,LECA
2010,1,29,D,L,19,29,LECA
2010,1,29,D,R,19.9,20,LECA
2010,1,29,D,R,20.5,27,LECA
2010,1,29,D,R,21.1,55,LECA
2010,3,26,A,L,1.1,44,LECA
2010,3,26,A,R,1.3,33,LECA
2010,3,26,A,R,1.3,20,LECA
2010,3,26,A,R,1.3,40,LECA
2010,3,26,A,R,2,60,LECA
2010,3,26,A,L,2,58,LECA
2010,3,26,A,L,2.2,15,LECA
2010,3,26,A,L,2.2,64,NA
2010,3,26,A,R,2.2,18,LECA
2010,3,26,A,L,2.5,24,LECA
2010,3,26,A,R,3.2,57,LECA
2010,3,26,B,R,7.1,18,LECA
2010,3,26,B,R,7.1,35,LECA
2010,3,26,B,R,7.1,35,LECA
2010,3,26,B,R,7.1,35,LECA
2010,3,26,B,C,9.5,0,LECA
2010,3,26,C,R,11.1,31,LECA
2010,3,26,C,C,12,0,LECA
2010,3,26,C,R,12,16,LECA
2010,3,26,C,R,12.3,28,LECA
2010,3,26,C,L,12.7,24,LECA
2010,3,26,C,L,12.8,10,LECA
2010,3,26,C,C,12.8,0,LECA
2010,3,26,C,L,12.8,20,LECA
2010,3,26,C,L,13,27,LECA
2010,3,26,C,L,14.7,82,LECA
2010,3,26,C,L,15.1,31,LECA
2010,3,26,C,C,15.2,0,LECA
2010,3,26,C,L,15.5,33,LECA
2010,3,26,D,R,16.6,69,LECA
2010,3,26,D,L,17.8,16,LECA
2010,3,26,D,L,18.2,16,LECA
2010,3,26,D,L,18.7,7,LECA
2010,3,26,D,L,20.1,123,LECA
2010,3,26,D,L,20.1,77,LECA
2010,3,26,D,R,20.8,27,LECA
2010,3,26,D,R,20.9,35,LECA
2010,6,27,A,R,0.1,66,LECA
2010,6,27,A,R,0.3,35,SYAU
2010,6,27,A,R,0.4,4,LECA
2010,6,27,A,L,0.7,20,LECA
2010,6,27,A,C,0.8,0,LECA
2010,6,27,A,R,1.1,20,LECA
2010,6,27,A,R,1.2,35,LECA
2010,6,27,A,R,1.3,37,LECA
2010,6,27,A,L,1.7,35,LECA
2010,6,27,A,R,2.7,44,LECA
2010,6,27,A,R,3.2,2,LECA
2010,6,27,A,R,3.3,35,LECA
2010,6,27,A,R,3.3,42,LECA
2010,6,27,A,L,4.9,2,LECA
2010,6,27,A,R,4.9,35,LECA
2010,6,27,A,L,5.1,7,LECA
2010,6,27,A,L,5.4,2,LECA
2010,6,27,A,L,5.7,3,LECA
2010,6,27,B,R,6,31,LECA
2010,6,27,B,L,7.3,57,LECA
2010,6,27,B,R,7.4,15,LECA
2010,6,27,C,L,11,60,LECA
2010,6,27,C,L,11.3,2,LECA
2010,6,27,C,R,12.2,66,LECA
2010,6,27,C,R,12.5,20,LECA
2010,6,27,C,R,12.7,27,LECA
2010,6,27,C,C,12.7,0,LECA
2010,6,27,C,C,12.8,0,LECA
2010,6,27,C,C,12.8,0,LECA
2010,6,27,C,L,12.8,38,LECA
2010,6,27,C,L,12.8,44,LECA
2010,6,27,C,L,13,37,LECA
2010,6,27,C,R,13,3,LECA
2010,6,27,C,L,13.1,2,LECA
2010,6,27,C,R,132,2,LECA
2010,6,27,C,R,13.5,2,LECA
2010,6,27,C,L,16.1,46,LECA
2010,6,27,D,L,17.4,27,LECA
2010,6,27,D,C,17.8,0,LECA
2010,6,27,D,L,18.2,30,LECA
2010,6,27,D,L,21.7,2,LECA
2010,10,22,A,R,0.2,10,LECA
2010,10,22,A,R,2,53,LECA
2010,10,22,A,L,3.5,80,SYAU
2010,10,22,A,R,5.5,90,LECA
2010,10,22,B,L,7.3,20,SYAU
2010,10,22,B,C,8.7,0,LECA
2010,10,22,B,L,8.7,2,LECA
2010,10,22,C,L,9.8,2,LECA
2010,10,22,C,R,10.1,16,LECA
2010,10,22,C,R,11,77,LECA
2010,10,22,C,R,11,77,LECA
2010,10,22,C,R,11,77,SYAU
2010,10,22,C,L,12.3,57,SYAU
2010,10,22,C,L,12.5,66,NA
2010,10,22,C,R,12.7,31,LECA
2010,10,22,C,C,13,0,LECA
2010,10,22,C,R,14,24,LECA
2010,10,22,C,C,14.9,0,LECA
2010,10,22,C,C,14.9,0,LECA
2010,10,22,C,R,14.9,20,LECA
2010,10,22,C,L,15.1,57,LECA
2010,10,22,D,R,18.1,64,LECA
2010,10,22,D,R,18.1,64,LECA
2010,10,22,D,L,18.5,82,LECA
2010,10,22,D,L,19,20,LECA
2010,10,22,D,C,19,0,LECA
2010,10,22,D,L,21,33,LECA
2010,10,22,D,R,21.2,26,SYAU
2011,1,21,A,R,0.2,2,LECA
2011,1,21,C,R,12.8,55,LECA
2011,1,21,C,R,3.5,49,NA
2011,1,21,C,L,14.3,2,SYAU
2011,4,14,A,R,1.3,46,LECA
2011,4,14,A,R,1.3,20,LECA
2011,4,14,A,L,1.3,20,LECA
2011,4,14,A,R,2.4,40,LECA
2011,4,14,A,L,2.4,45,LECA
2011,4,14,A,R,2.4,58,LECA
2011,4,14,A,C,4.5,0,LECA
2011,4,14,A,L,5,20,LECA
2011,4,14,A,L,5.1,3,LECA
2011,4,14,A,R,5.7,29,LECA
2011,4,14,B,L,7.1,2,LECA
2011,4,14,B,L,7.1,9,LECA
2011,4,14,B,R,7.1,5,LECA
2011,4,14,B,L,7.2,1,LECA
2011,4,14,B,R,7.4,18,LECA
2011,4,14,B,R,7.8,18,LECA
2011,4,14,B,R,8.1,1,LECA
2011,4,14,B,C,8.2,0,LECA
2011,4,14,B,R,9.6,157,SYAU
2011,4,14,C,C,11.4,0,LECA
2011,4,14,C,R,11.4,24,LECA
2011,4,14,C,C,11.8,2,LECA
2011,4,14,C,C,12.8,0,LECA
2011,4,14,C,L,12.8,1,LECA
2011,4,14,C,R,12.8,2,LECA
2011,4,14,C,R,12.9,4,LECA
2011,4,14,C,R,12.9,35,LECA
2011,4,14,C,L,12.9,42,LECA
2011,4,14,C,C,13,0,LECA
2011,4,14,C,C,13,0,LECA
2011,4,14,C,R,13.2,2,LECA
2011,4,14,C,L,14.7,3,LECA
2011,4,14,C,R,14.8,1,LECA
2011,4,14,C,L,14.8,1,LECA
2011,4,14,C,L,15.5,2,LECA
2011,4,14,D,L,16.9,2,LECA
2011,4,14,D,R,17,2,LECA
2011,4,14,D,R,18,60,LECA
2011,4,14,D,R,18.2,58,LECA
2011,4,14,D,R,18.3,49,LECA
2011,4,14,D,L,19.2,33,LECA
2011,4,14,D,R,20,2,LECA
2011,4,14,D,R,20,27,LECA
2011,4,14,D,L,20.5,2,LECA
2011,4,14,D,R,20.5,49,LECA
2011,4,14,D,R,21,26,LECA
2011,4,14,D,L,21.1,1,LECA
2011,4,14,D,L,21.1,19,LECA
2011,4,14,D,L,21.6,38,LECA
2011,7,13,A,L,2.7,3,LECA
2011,7,13,A,R,2.8,42,LECA
2011,7,13,A,R,2.8,42,LECA
2011,7,13,A,L,3.2,3,LECA
2011,7,13,A,R,3.5,31,LECA
2011,7,13,A,L,4,0,LECA
2011,7,13,A,R,4,45,LECA
2011,7,13,A,R,4,71,LECA
2011,7,13,A,R,4.1,3,LECA
2011,7,13,A,L,5.5,16,LECA
2011,7,13,A,C,5.7,0,LECA
2011,7,13,A,R,5.7,27,LECA
2011,7,13,B,R,7.2,38,LECA
2011,7,13,B,L,7.3,1,LECA
2011,7,13,B,L,7.6,27,LECA
2011,7,13,B,R,9,26,LECA
2011,7,13,B,L,9.1,20,LECA
2011,7,13,B,L,9.6,40,LECA
2011,7,13,C,L,15.8,31,LECA
2011,7,13,D,L,17.5,2,LECA
2011,7,13,D,R,17.6,1,LECA
2011,7,13,D,L,18.6,10,LECA
2011,7,13,D,L,18.7,31,LECA
2011,7,13,D,L,19.5,18,LECA
2011,7,13,D,L,20,16,LECA
2011,7,13,D,R,20.2,12,LECA
2011,7,13,D,L,20.7,3,LECA
2011,10,14,A,R,0.8,44,LECA
2011,10,14,A,L,3.9,27,LECA
2011,10,14,A,R,5,55,LECA
2011,10,14,A,R,5.4,48,LECA
2011,10,14,B,L,7.2,33,LECA
2011,10,14,B,L,8,42,LECA
2011,10,14,B,R,8.5,64,LECA
2011,10,14,B,L,9.4,24,LECA
2011,10,14,C,L,10.3,143,LECA
2011,10,14,C,L,12.4,46,LECA
2011,10,14,C,L,12.6,35,LECA
2011,10,14,C,R,12.8,26,LECA
2011,10,14,C,R,12.8,31,LECA
2011,10,14,C,R,13.5,3,LECA
2011,10,14,D,L,16.4,126,LECA
2011,10,14,D,R,17.3,27,LECA
2012,2,10,A,R,2.2,82,LECA
2012,2,10,A,R,2.2,82,LECA
2012,2,10,A,R,2.2,82,LECA
2012,2,10,A,C,3.5,0,LECA
2012,2,10,A,R,3.7,4,SYAU
2012,2,10,A,R,3.7,38,SYAU
2012,2,10,A,L,4.1,62,LECA
2012,2,10,B,L,7.3,42,LECA
2012,2,10,B,L,7.5,146,LECA
2012,2,10,B,L,8.6,90,LECA
2012,2,10,B,L,8.9,35,SYAU
2012,2,10,B,C,9,0,SYAU
2012,2,10,B,R,9.2,47,LECA
2012,2,10,B,L,9.5,70,LECA
2012,2,10,B,C,9.5,0,LECA
2012,2,10,B,L,9.7,46,LECA
2012,2,10,C,R,12.8,15,LECA
2012,2,10,C,C,12.9,0,LECA
2012,2,10,C,R,13.3,42,LECA
2012,2,10,C,R,13.9,88,LECA
2012,2,10,C,R,14.5,0,LECA
2012,2,10,D,L,16.9,68,LECA
2012,2,10,D,R,17.5,19,SYAU
2012,2,10,D,R,18.5,90,LECA
2012,2,10,D,R,18.7,32,SYAU
2012,2,10,D,R,18.7,32,SYAU
2012,4,5,A,R,0,52,SYAU
2012,4,5,A,R,0,52,SYAU
2012,4,5,A,L,0.7,2,LECA
2012,4,5,A,L,0.7,38,LECA
2012,4,5,A,L,1.6,32,SYAU
2012,4,5,A,R,1.7,3,LECA
2012,4,5,A,L,1.8,26,LECA
2012,4,5,A,L,2.9,28,LECA
2012,4,5,A,L,3.3,2,LECA
2012,4,5,A,L,3.5,54,LECA
2012,4,5,A,R,3.7,3,LECA
2012,4,5,A,L,4,2,LECA
2012,4,5,A,L,4,2,LECA
2012,4,5,A,R,4.3,64,LECA
2012,4,5,A,R,4.5,32,LECA
2012,4,5,A,R,4.5,42,LECA
2012,4,5,A,R,4.6,32,LECA
2012,4,5,A,R,5.2,50,LECA
2012,4,5,A,R,5.2,50,LECA
2012,4,5,A,R,5.2,56,LECA
2012,4,5,B,L,7,16,LECA
2012,4,5,B,L,7.9,46,LECA
2012,4,5,B,L,7.9,2,LECA
2012,4,5,B,L,9,40,LECA
2012,4,5,B,L,9.5,30,LECA
2012,4,5,B,R,10,30,LECA
2012,4,5,C,L,10.7,2,LECA
2012,4,5,C,L,12.5,2,LECA
2012,4,5,C,R,12.5,38,LECA
2012,4,5,C,R,12.5,38,LECA
2012,4,5,C,R,12.6,2,LECA
2012,4,5,C,R,12.6,34,LECA
2012,4,5,C,R,12.8,2,LECA
2012,4,5,C,R,12.9,2,LECA
2012,4,5,C,L,12.9,2,LECA
2012,4,5,C,L,12.9,2,LECA
2012,4,5,C,R,13,2,LECA
2012,4,5,C,R,13,2,LECA
2012,4,5,C,L,13,2,LECA
2012,4,5,C,C,13,0,LECA
2012,4,5,C,L,13.2,24,LECA
2012,4,5,C,L,13.2,24,LECA
2012,4,5,C,R,13.4,2,LECA
2012,4,5,C,L,13.5,2,LECA
2012,4,5,C,L,14.3,2,LECA
2012,4,5,C,L,14.5,32,LECA
2012,4,5,C,R,14.5,2,LECA
2012,4,5,C,L,14.6,30,LECA
2012,4,5,D,L,17.2,44,LECA
2012,4,5,D,R,17.7,36,LECA
2012,4,5,D,R,17.8,32,LECA
2012,4,5,D,L,17.8,3,LECA
2012,4,5,D,L,17.9,16,LECA
2012,4,5,D,L,18.4,2,LECA
2012,4,5,D,R,19.4,2,LECA
2012,4,5,D,R,20.4,28,LECA
2012,4,5,D,R,20.6,32,LECA
2012,4,5,D,C,20.7,0,LECA
2012,4,5,D,L,20.9,26,LECA
2012,4,5,D,R,21,46,LECA
2012,4,5,D,L,21.1,44,LECA
2012,8,2,A,C,0,0,LECA
2012,8,2,A,R,2.2,57,LECA
2012,8,2,A,L,3.9,29,LECA
2012,8,2,A,C,4.8,0,LECA
2012,8,2,A,C,4.8,0,LECA
2012,8,2,B,R,7,9,SYAU
2012,8,2,B,L,7.7,68,LECA
2012,8,2,B,R,8,66,LECA
2012,8,2,C,R,12.3,20,LECA
2012,8,2,C,C,12.6,0,LECA
2012,8,2,C,R,14.2,79,SYAU
2012,8,2,C,R,14.2,38,LECA
2012,8,2,C,R,14.2,62,LECA
2012,8,2,C,L,14.2,6,LECA
2012,8,2,C,C,14.3,0,LECA
2012,8,2,D,R,17.4,49,LECA
2012,8,2,D,R,17.6,35,LECA
2012,8,2,D,R,17.7,27,LECA
2012,8,2,D,L,19.1,6,LECA
2012,8,2,D,L,19.2,27,LECA
2012,8,2,D,C,19.7,0,LECA
2012,8,2,D,R,19.8,93,LECA
2012,8,2,D,R,19.9,27,SYAU
2012,8,2,D,C,20.3,0,LECA
2012,8,2,D,C,20.3,0,LECA
2012,8,2,D,R,20.6,31,LECA
2012,10,26,A,C,0,0,LECA
2012,10,26,A,R,1.5,31,LECA
2012,10,26,A,R,2.1,44,LECA
2012,10,26,A,L,3.8,27,LECA
2012,10,26,A,L,5.7,24,SYAU
2012,10,26,B,C,8.3,0,LECA
2012,10,26,B,L,8.5,88,LECA
2012,10,26,C,L,12.7,31,NA
2012,10,26,D,L,16.9,46,LECA
2012,10,26,D,R,17.4,15,NA
2012,10,26,D,R,17.6,7,LECA
2012,10,26,D,L,19.6,44,LECA
2012,10,26,D,L,21.7,48,LECA
2013,1,25,A,R,1.8,2,SYAU
2013,1,25,A,R,2.6,84,LECA
2013,1,25,A,R,2.6,84,LECA
2013,1,25,A,R,3.9,77,LECA
2013,1,25,A,R,4.9,38,LECA
2013,1,25,A,L,5.5,16,LECA
2013,1,25,B,R,8,84,LECA
2013,1,25,B,L,8.5,31,LECA
2013,1,25,B,L,8.5,31,LECA
2013,1,25,B,R,8.8,26,LECA
2013,1,25,B,R,8.8,26,LECA
2013,1,25,B,L,9.1,35,LECA
2013,1,25,B,R,9.1,27,LECA
2013,1,25,B,R,9.3,55,LECA
2013,1,25,B,R,9.5,26,LECA
2013,1,25,C,R,10.5,42,LECA
2013,1,25,C,R,10.8,40,LECA
2013,1,25,C,L,12.3,27,LECA
2013,1,25,C,R,12.7,57,LECA
2013,1,25,C,R,13,117,LECA
2013,1,25,C,R,13.1,31,LECA
2013,1,25,C,R,13.8,49,LECA
2013,1,25,D,C,16.8,0,LECA
2013,1,25,D,R,17.2,46,SYAU
2013,1,25,D,R,17.4,53,LECA
2013,3,28,A,C,2,0,LECA
2013,3,28,A,C,2,0,LECA
2013,3,28,A,R,2.2,55,LECA
2013,3,28,A,C,2.3,0,LECA
2013,3,28,A,C,3.7,0,LECA
2013,3,28,A,C,3.7,0,LECA
2013,3,28,A,L,4.2,44,LECA
2013,3,28,A,R,4.4,88,LECA
2013,3,28,A,R,5.5,24,LECA
2013,3,28,B,L,7.8,53,LECA
2013,3,28,B,R,8.4,17,LECA
2013,3,28,B,R,8.4,17,LECA
2013,3,28,B,L,9,46,LECA
2013,3,28,B,R,9.3,37,LECA
2013,3,28,B,L,9.6,24,LECA
2013,3,28,C,L,10.4,33,LECA
2013,3,28,C,L,10.4,31,LECA
2013,3,28,C,R,10.7,35,LECA
2013,3,28,C,L,10.9,64,LECA
2013,3,28,C,L,11.9,18,LECA
2013,3,28,C,L,12.6,1,LECA
2013,3,28,C,C,12.8,0,LECA
2013,3,28,C,C,12.9,0,LECA
2013,3,28,C,C,12.9,0,LECA
2013,3,28,C,L,13.1,34,LECA
2013,3,28,C,L,15.1,29,NA
2013,3,28,C,C,15.3,0,LECA
2013,3,28,C,R,15.3,59,LECA
2013,3,28,C,L,15.7,15,LECA
2013,3,28,C,R,15.8,62,LECA
2013,3,28,C,L,15.9,35,LECA
2013,3,28,C,L,15.9,49,LECA
2013,3,28,C,L,16,42,LECA
2013,3,28,C,L,16.2,24,LECA
2013,3,28,D,R,17.6,1,LECA
2013,3,28,D,L,18,115,NA
2013,3,28,D,L,18.4,29,LECA
2013,3,28,D,L,18.4,1,LECA
2013,3,28,D,L,18.4,35,LECA
2013,3,28,D,R,18.7,26,LECA
2013,3,28,D,L,20.6,35,LECA
2013,3,28,D,R,21.4,1,LECA
2013,3,28,D,R,21.4,1,LECA
2013,6,24,A,L,0.2,34,LECA
2013,6,24,A,L,0.2,34,LECA
2013,6,24,A,R,2.2,2,LECA
2013,6,24,A,R,2.7,3,LECA
2013,6,24,A,L,2.8,2,LECA
2013,6,24,A,L,2.8,32,LECA
2013,6,24,A,R,3.3,2,LECA
2013,6,24,A,R,3.6,2,LECA
2013,6,24,A,L,3.7,34,LECA
2013,6,24,A,R,3.8,2,LECA
2013,6,24,A,R,3.8,28,LECA
2013,6,24,A,R,3.8,18,LECA
2013,6,24,A,R,3.8,18,LECA
2013,6,24,A,R,4.2,3,LECA
2013,6,24,A,L,4.2,1,LECA
2013,6,24,A,R,4.8,76,LECA
2013,6,24,A,R,4.8,42,LECA
2013,6,24,A,R,4.8,2,LECA
2013,6,24,A,C,4.8,0,LECA
2013,6,24,A,R,5.2,2,LECA
2013,6,24,A,L,5.4,2,LECA
2013,6,24,A,R,5.5,1,LECA
2013,6,24,B,C,6.9,0,LECA
2013,6,24,B,C,7.3,0,LECA
2013,6,24,B,C,7.3,0,LECA
2013,6,24,B,R,7.8,16,SYAU
2013,6,24,B,L,8.1,32,LECA
2013,6,24,B,L,9.4,26,LECA
2013,6,24,B,L,9.6,38,LECA
2013,6,24,C,L,11.2,46,LECA
2013,6,24,C,L,12.8,72,LECA
2013,6,24,C,L,12.8,72,LECA
2013,6,24,C,C,12.8,0,LECA
2013,6,24,C,C,13.2,0,LECA
2013,6,24,C,L,13.3,1,LECA
2013,6,24,C,C,13.9,0,LECA
2013,6,24,C,L,14.8,56,LECA
2013,6,24,C,L,14.9,2,LECA
2013,6,24,C,R,14.9,2,LECA
2013,6,24,C,C,14.9,0,LECA
2013,6,24,C,L,15,34,LECA
2013,6,24,C,L,15,34,LECA
2013,6,24,C,R,16.1,44,LECA
2013,6,24,D,L,16.6,20,LECA
2013,6,24,D,R,16.6,52,LECA
2013,6,24,D,R,16.9,72,LECA
2013,6,24,D,R,16.9,72,LECA
2013,6,24,D,L,17,42,LECA
2013,6,24,D,R,17.8,36,LECA
2013,6,24,D,L,17.9,26,LECA
2013,6,24,D,R,18.1,76,LECA
2013,6,24,D,R,18.2,50,LECA
2013,6,24,D,L,18.4,38,LECA
2013,6,24,D,L,18.4,54,LECA
2013,6,24,D,R,18.4,54,LECA
2013,6,24,D,L,18.4,40,LECA
2013,6,24,D,R,18.6,48,LECA
2013,6,24,D,R,18.6,42,LECA
2013,6,24,D,L,20.9,54,LECA
2013,6,24,D,R,20.9,57,LECA
2013,6,24,D,R,20.9,27,LECA
2013,6,24,D,R,21.5,46,LECA
2013,10,18,A,C,0,0,LECA
2013,10,18,A,R,0.1,22,LECA
2013,10,18,A,R,1.2,10,LECA
2013,10,18,A,C,2.2,0,LECA
2013,10,18,A,R,2.3,33,LECA
2013,10,18,A,R,2.3,33,LECA
2013,10,18,B,C,8.5,0,LECA
2013,10,18,C,R,11.7,46,LECA
2013,10,18,C,R,11.9,57,LECA
2013,10,18,C,R,12.5,68,LECA
2013,10,18,C,R,12.5,110,LECA
2013,10,18,C,R,12.5,110,LECA
2013,10,18,C,R,12.9,27,LECA
2013,10,18,D,C,17.5,0,LECA
2013,10,18,D,R,17.6,18,LECA
2013,10,18,D,R,17.7,22,LECA
2013,10,18,D,C,20.5,0,LECA
2013,10,18,D,R,20.8,46,LECA
2013,10,18,D,C,20.9,0,LECA
2013,10,18,D,C,21.4,0,LECA
2014,1,17,A,R,1.3,2,LECA
2014,1,17,A,L,5.4,2,LECA
2014,1,17,B,R,7.3,53,LECA
2014,1,17,B,L,9.3,40,LECA
2014,1,17,B,L,9.3,40,LECA
2014,1,17,B,L,9.5,24,LECA
2014,1,17,C,R,11,55,LECA
2014,1,17,C,R,11,55,LECA
2014,1,17,C,R,13.1,2,LECA
2014,1,17,C,R,14.4,10,LECA
2014,1,17,C,L,14.4,10,LECA
2014,4,17,A,R,0.1,2,LECA
2014,4,17,A,L,0.3,22,LECA
2014,4,17,A,L,0.7,26,LECA
2014,4,17,A,L,1,2,LECA
2014,4,17,A,C,2.2,0,LECA
2014,4,17,A,R,4,46,LECA
2014,4,17,B,L,7,20,LECA
2014,4,17,B,R,8.5,28,LECA
2014,4,17,C,C,11.6,0,LECA
2014,4,17,C,R,12.3,38,LECA
2014,4,17,C,R,13.2,16,LECA
2014,4,17,C,R,14.1,52,LECA
2014,4,17,C,R,14.7,22,LECA
2014,4,17,C,R,15.4,1,LECA
2014,4,17,D,C,17.3,1,LECA
2014,4,17,D,L,17.8,38,LECA
2014,4,17,D,R,17.9,2,LECA
2014,4,17,D,L,18.2,2,LECA
2014,4,17,D,R,18.3,32,LECA
2014,4,17,D,L,20.6,1,LECA
2014,4,17,D,R,0.01,14,LECA
2014,7,10,A,R,0.01,2,LECA
2014,7,10,A,L,0.2,24,LECA
2014,7,10,A,L,0.2,57,LECA
2014,7,10,A,L,0.2,2,LECA
2014,7,10,A,L,1.5,2,LECA
2014,7,10,A,R,2.8,37,LECA
2014,7,10,A,R,3.3,2,LECA
2014,7,10,A,L,3.8,2,LECA
2014,7,10,A,R,5.5,2,LECA
2014,7,10,B,R,7.5,2,LECA
2014,7,10,B,R,7.5,2,LECA
2014,7,10,B,L,8.1,38,LECA
2014,7,10,B,R,8.1,31,LECA
2014,7,10,B,L,8.5,31,LECA
2014,7,10,B,L,9.3,53,LECA
2014,7,10,B,L,9.3,71,LECA
2014,7,10,B,C,9.5,0,LECA
2014,7,10,B,L,9.5,64,LECA
2014,7,10,B,C,9.7,0,LECA
2014,7,10,C,L,11,18,LECA
2014,7,10,C,L,11.6,22,LECA
2014,7,10,C,L,11.6,20,LECA
2014,7,10,C,R,12,82,LECA
2014,7,10,C,R,12.8,42,LECA
2014,7,10,C,R,12.8,42,LECA
2014,7,10,C,R,13.1,6,LECA
2014,7,10,C,R,13.5,31,LECA
2014,7,10,C,R,15.5,82,LECA
2014,7,10,D,C,17.7,0,LECA
2014,7,10,D,L,18.5,4,LECA
2014,7,10,D,R,18.7,3,LECA
2014,7,10,D,R,18.7,40,LECA
2014,7,10,D,L,18.9,24,LECA
2014,7,10,D,L,18.9,24,LECA
2014,7,10,D,C,18.9,0,LECA
2014,7,10,D,R,19,2,LECA
2014,7,10,D,L,20.1,2,LECA
2014,7,10,D,R,20.1,15,LECA
2014,7,10,D,L,20.1,2,LECA
2014,10,8,A,L,1,26,LECA
2014,10,8,A,L,2,32,LECA
2014,10,8,A,R,2.2,14,LECA
2014,10,8,A,R,2.3,20,LECA
2014,10,8,A,R,2.5,56,LECA
2014,10,8,A,L,2.6,14,LECA
2014,10,8,A,C,4.1,0,LECA
2014,10,8,A,R,4.2,31,LECA
2014,10,8,A,R,4.9,3,LECA
2014,10,8,A,R,5,24,LECA
2014,10,8,A,L,5.2,1,LECA
2014,10,8,A,R,5.1,39,LECA
2014,10,8,B,R,7.1,14,LECA
2014,10,8,B,R,7.7,18,SYAU
2014,10,8,B,R,8,48,LECA
2014,10,8,B,R,8.1,16,LECA
2014,10,8,B,R,9.1,24,LECA
2014,10,8,B,R,9.2,16,LECA
2014,10,8,C,R,11.2,16,LECA
2014,10,8,D,R,16.4,1,LECA
2014,10,8,D,L,17.5,28,LECA
2014,10,8,D,R,20.6,32,LECA
2014,12,5,A,C,0.5,0,LECA
2014,12,5,A,R,4.1,1,SYAU
2014,12,5,A,L,5.3,10,LECA
2014,12,5,A,L,5.3,32,LECA
2014,12,5,B,R,7.1,16,LECA
2014,12,5,B,L,7.5,0,LECA
2014,12,5,B,R,8.1,75,LECA
2014,12,5,B,L,8.4,75,LECA
2014,12,5,B,L,8.4,75,LECA
2014,12,5,B,L,8.5,75,LECA
2014,12,5,B,C,8.5,0,LECA
2014,12,5,B,L,9.1,26,LECA
2014,12,5,B,L,9.1,26,LECA
2014,12,5,B,R,9.2,30,LECA
2014,12,5,B,R,9.6,0,LECA
2014,12,5,B,L,9.8,100,LECA
2014,12,5,B,L,10,10,LECA
2014,12,5,B,C,10,0,LECA
2014,12,5,C,L,12.9,1,LECA
2014,12,5,C,L,12.9,1,LECA
2014,12,5,C,C,13.2,0,LECA
2014,12,5,C,R,14.3,1,LECA
2014,12,5,C,R,14.9,20,LECA
2014,12,5,C,L,14.9,15,LECA
2014,12,5,C,R,15,35,SYAU
2014,12,5,C,R,15.1,30,SYAU
2014,12,5,D,L,18.2,20,LECA
2014,12,5,D,C,18.6,0,LECA
2014,12,5,D,C,19.7,0,LECA
2014,12,5,D,R,20.9,10,LECA
2014,12,5,D,C,21.2,0,LECA
2014,12,5,D,C,21.2,0,LECA
2014,12,5,D,R,21.4,2,LECA
2015,3,6,A,R,2.1,18,SYAU
2015,3,6,A,R,2.3,1,LECA
2015,3,6,A,L,3.5,16,LECA
2015,3,6,A,R,3.7,16,LECA
2015,3,6,A,L,3.8,14,LECA
2015,3,6,A,R,5,14,LECA
2015,3,6,A,L,5.9,18,LECA
2015,3,6,B,L,7.6,30,LECA
2015,3,6,B,L,7.7,22,LECA
2015,3,6,B,C,9.4,0,LECA
2015,3,6,B,L,9.5,52,LECA
2015,3,6,B,L,9.6,32,LECA
2015,3,6,B,L,9.7,42,LECA
2015,3,6,B,C,9.8,0,LECA
2015,3,6,B,C,9.8,0,LECA
2015,3,6,B,R,9.9,30,LECA
2015,3,6,C,L,11,58,LECA
2015,3,6,C,R,11.1,10,LECA
2015,3,6,C,L,11.3,32,LECA
2015,3,6,C,R,12.3,54,LECA
2015,3,6,C,C,12.9,0,LECA
2015,3,6,C,R,13.2,104,LECA
2015,3,6,C,L,13.2,100,LECA
2015,3,6,C,L,13.2,100,LECA
2015,3,6,C,L,13.2,96,LECA
2015,3,6,C,L,13.2,96,LECA
2015,3,6,C,L,13.3,34,LECA
2015,3,6,C,L,14.5,30,LECA
2015,3,6,C,R,15,68,LECA
2015,3,6,C,L,15.3,48,LECA
2015,3,6,C,L,15.3,48,LECA
2015,3,6,C,R,15.4,38,LECA
2015,3,6,D,C,17.2,0,LECA
2015,3,6,D,R,19.3,5,LECA
2015,3,6,D,L,20.2,42,LECA
2015,3,6,D,L,21.3,10,LECA
2015,3,6,D,L,21.9,44,LECA
