Company,Name,Ref,Review Date,Cocoa Percent,Company Location,Rating,Broad Bean Origin,Bean Type,,,,
Baravelli's,single estate,955,2012,80,Wales,2.75,Costa Rica,,,,,
Marou,Dong Nai,845,2012,72,Vietnam,3.5,Vietnam,Trinitario,,,,
Marou,Lam Dong,955,2012,74,Vietnam,3.5,Vietnam,Trinitario,,,Mean,71.6925734
Marou,Ba Ria,845,2012,76,Vietnam,3.5,Vietnam,Trinitario,,,Median,70
Marou,Ben Tre,849,2012,78,Vietnam,3.5,Vietnam,Trinitario,,,Mode,70
Marou,Tien Giang,895,2012,80,Vietnam,3,Vietnam,Trinitario,,,,
Marou,Ben Tre,1650,2015,68,Vietnam,3.5,Vietnam,Trinitario,,,Minimum,42
Cacao de Origen,Agua Fria; Sucre region,1391,2014,75,Venezuela,2.5,Venezuela,,,,Maximum,100
Cacao de Origen,Chuao,1688,2015,77,Venezuela,3.5,Venezuela,Trinitario,,,Range,58
Cacao de Origin,Hacienda la Trinidad,1668,2015,74,Venezuela,3.25,Venezuela,,,,Quartile 1,70
Franceschi,Canoabo,911,2012,70,Venezuela,3.75,Venezuela,,,,Quartile 3,75
Cacao de Origen,Rio Caribe,1692,2015,75,Venezuela,3.25,Venezuela,Trinitario,,,Interquartile Range,5
El Rey,San Joaquin,1662,2015,70,Venezuela,3.75,Venezuela,,,,Standard Deviation,6.380647879
Suruca Chocolate,Venezuela,1796,2016,60,Venezuela,3,Venezuela,,,,Variance,40.71266736
Cacao de Origen,Macuare; Miranda; Chloe formula,1391,2014,74,Venezuela,3.25,Venezuela,,,,Margin of Error,0.367501055
Franceschi,Choroni,1355,2014,70,Venezuela,3.5,Venezuela,,,,Sample Size,1158
Franceschi,Ocumare,1355,2014,70,Venezuela,3.75,Venezuela,,,,Lower Confidence Limit,71.32507235
Franceschi,Sur del Lago,915,2012,60,Venezuela,3.5,Venezuela,,,,Upper Confidence Limit,72.06007446
Suruca Chocolate,Venezuela,1796,2016,70,Venezuela,2.75,Venezuela,,,,,
Arete,Fazenda Camboa,1534,2015,70,U.S.A.,3.5,Brazil,,,,,
Burnt Fork Bend,Mindo,1299,2014,72,U.S.A.,3.5,Ecuador,,,,,
Ethel's Artisan (Mars),Red Vanilla,666,2011,62,U.S.A.,2.75,,,,,,
Fruition,La Red,1046,2013,70,U.S.A.,3.75,Dominican Republic,,,,,
L.A. Burdick (Felchlin),Chuao,927,2012,68,U.S.A.,3.75,Venezuela,Trinitario,,,,
L.A. Burdick (Felchlin),Dominican Republic,576,2010,74,U.S.A.,3.75,Dominican Republic,,,,,
Letterpress,Kokoa Kamili,1566,2015,70,U.S.A.,3.5,Tanzania,,,,,
Lillie Belle,Perfect Illusion,855,2012,65,U.S.A.,3.5,Peru,Criollo,,,,
Scharffen Berger,Finisterra,227,2008,72,U.S.A.,3,Ven.,,,,,
Tabal,Dominican Republic,1101,2013,70,U.S.A.,2.75,Dominican Republic,,,,,
Tejas,Bayou Blend,801,2012,70,U.S.A.,3,Ecuador,,,,,
Bar Au Chocolat,Chiapas,983,2012,70,U.S.A.,3.5,Mexico,,,,,
Black Mountain,La Red,256,2008,70,U.S.A.,2.75,Dominican Republic,,,,,
Castronovo,Bolivia,1101,2013,70,U.S.A.,3,Bolivia,Trinitario,,,,
Chocola'te,Madagascar,647,2011,70,U.S.A.,3.75,Madagascar,Trinitario,,,,
Dick Taylor,Belize,955,2012,72,U.S.A.,2.75,Belize,Trinitario,,,,
Finca,Dominican Republic,1283,2014,80,U.S.A.,3,Dominican Republic,,,,,
Fruition,Peru,863,2012,70,U.S.A.,2.5,Peru,,,,,
Guittard,Onyx,654,2011,72,U.S.A.,3.25,,,,,,
Letterpress,Beniamo,1562,2015,70,U.S.A.,3.25,Bolivia,,,,,
Mana,Venezuela,1219,2014,74,U.S.A.,2.75,Venezuela,,,,,
Marsatta,Dominican Republic,1189,2013,74,U.S.A.,2.25,Dominican Republic,,,,,
Middlebury,Kokoa Kamili,1538,2015,75,U.S.A.,3.25,Tanzania,,,,,
Oakland Chocolate Co.,Jamaica,478,2010,70,U.S.A.,2.5,Jamaica,Trinitario,,,,
Olive and Sinclair,Ghana prototype,486,2010,72,U.S.A.,3,Ghana,Forastero,,,,
Pitch Dark,Chuno,1510,2015,80,U.S.A.,2.75,Nicaragua,Criollo,,,,
Rogue,Jamaica,213,2008,70,U.S.A.,2.75,Jamaica,Trinitario,,,,
Snake & Butterfly,Madagascar,502,2010,68,U.S.A.,3,Madagascar,Trinitario,,,,
Starchild,Cacao Verapaz,1692,2015,70,U.S.A.,3,Guatemala,,,,,
twenty-four blackbirds,Madagascar,1235,2014,75,U.S.A.,3.5,Madagascar,Trinitario,,,,
Videri,Mindo,1227,2014,75,U.S.A.,3.5,Ecuador,,,,,
Altus aka Cao Artisan,Acopagro,1728,2016,60,U.S.A.,3,Peru,,,,,
Arete,Camino Verde,1602,2015,75,U.S.A.,3.5,Ecuador,,,,,
Bar Au Chocolat,Sambirano,983,2012,70,U.S.A.,3.75,Madagascar,Trinitario,,,,
Chocola'te,Venezuela,647,2011,68,U.S.A.,3.75,Venezuela,,,,,
Dandelion,Papua New Guinea,1153,2013,70,U.S.A.,3.5,Papua New Guinea,,,,,
DeVries,Dominican Republic,166,2007,77,U.S.A.,3.5,Dominican Republic,,,,,
Dick Taylor,Elvesia,1235,2014,74,U.S.A.,3.5,Dominican Republic,,,,,
Dick Taylor,Camino Verde,1193,2013,76,U.S.A.,3.5,Ecuador,,,,,
Finca,Dominican Republic,1283,2014,70,U.S.A.,3.25,Dominican Republic,,,,,
Fruition,Gran Couva,1347,2014,70,U.S.A.,3.75,Trinidad,Trinitario,,,,
Guittard,Haiti,1053,2013,65,U.S.A.,2.75,Haiti,,,,,
hello cocoa,Venezuela,1462,2015,74,U.S.A.,3.5,Venezuela,Criollo,,,,
Lillie Belle,Wild Thing,947,2012,68,U.S.A.,3.5,Bolivia,Criollo,,,,
Lillie Belle,La Selva,903,2012,68,U.S.A.,3.75,Peru,,,,,
Manoa,Piura,1007,2012,72,U.S.A.,3,Peru,,,,,
Maverick,Elvesia,1367,2014,70,U.S.A.,3.25,Dominican Republic,,,,,
Mayacama,Hispaniola,1728,2016,72,U.S.A.,3,Domincan Republic,,,,,
Meadowlands,Belize,1287,2014,70,U.S.A.,3,Belize,Trinitario,,,,
Meadowlands,Venezuela,1287,2014,70,U.S.A.,2.75,Venezuela,,,,,
Ritual,Costa Rica,745,2011,75,U.S.A.,3.5,Costa Rica,,,,,
Shark Mountain,ROIG,1466,2015,74,U.S.A.,3.5,Dominican Republic,Criollo,,,,
TCHO,TCHOPro 60.5,387,2009,60,U.S.A.,2.75,,,,,,
Terroir,Belize,1478,2015,70,U.S.A.,3.75,Belize,Trinitario,,,,
Tocoti,Dominican Republic,789,2011,74,U.S.A.,3,Dominican Republic,,,,,
Videri,Dark,1117,2013,90,U.S.A.,3.75,Central and S. America,,,,,
Animas,Alto Beni,1852,2016,75,U.S.A.,3.5,Bolivia,,,,,
Dandelion,Upala,805,2012,70,U.S.A.,3,Costa Rica,,,,,
Davis,West Africa,907,2012,58,U.S.A.,3.25,West Africa,Forastero,,,,
Dick Taylor,Tien Giang,1864,2016,78,U.S.A.,3.5,Vietnam,Trinitario,,,,
Guittard,Special Maker Reserve,276,2008,64,U.S.A.,3,,,,,,
Kto,Elvesia,1426,2014,72,U.S.A.,3.25,Dominican Republic,,,,,
Nathan Miller,Peru,1403,2014,72,U.S.A.,2.25,Peru,,,,,
Pitch Dark,Akesson Estate,1311,2014,73,U.S.A.,3.25,Madagascar,Trinitario,,,,
Raaka,Madagascar,959,2012,75,U.S.A.,3.25,Madagascar,Trinitario,,,,
Scharffen Berger,Semisweet,56,2006,62,U.S.A.,3,,Blend,,,,
Sibu Sura,Peru,911,2012,70,U.S.A.,2.5,Peru,,,,,
Starchild,Hispaniola,1692,2015,70,U.S.A.,3,Domincan Republic,,,,,
Sublime Origins,Moho Valley,1157,2013,78,U.S.A.,3.25,Belize,Trinitario,,,,
Taza,Alto Beni,785,2011,87,U.S.A.,3.25,Bolivia,,,,,
twenty-four blackbirds,Palos Blancos,1026,2013,75,U.S.A.,2.5,Bolivia,,,,,
Videri,Trinidad,1211,2014,75,U.S.A.,3.5,Trinidad,Trinitario,,,,
Vivra,Ocumare,1720,2016,70,U.S.A.,2.5,Venezuela,,,,,
Woodblock,Costa Rica,825,2012,70,U.S.A.,3,Costa Rica,,,,,
Amano,Cuyagua,147,2007,70,U.S.A.,3,Venezuela,,,,,
Bittersweet Origins,Bocas del Toro,233,2008,75,U.S.A.,3.5,Panama,,,,,
Blue Bandana,Lachua,1752,2016,75,U.S.A.,2.75,Guatemala,,,,,
Chuao Chocolatier,Choroni,445,2009,61,U.S.A.,3,Venezuela,Criollo,,,,
Mana,Ecuador,1446,2015,74,U.S.A.,2.5,Ecuador,,,,,
Millcreek Cacao Roasters,Ecuador,1073,2013,70,U.S.A.,2.5,Ecuador,Forastero (Nacional),,,,
Nanea,Criollo Blend,1007,2013,85,U.S.A.,3.5,Hawaii,,,,,
Scharffen Berger,Asante,336,2009,65,U.S.A.,4,Ghana,Forastero,,,,
Terroir,Ecuador,1482,2015,70,U.S.A.,3.25,Ecuador,,,,,
Two Ravens,Peru,1740,2016,60,U.S.A.,3,Peru,Criollo,,,,
Vicuna,Palos Blancos,1470,2015,70,U.S.A.,3.25,Bolivia,,,,,
Vintage Plantations,San Martin,1205,2014,75,U.S.A.,3,Peru,,,,,
Woodblock,Ecuador,825,2012,70,U.S.A.,2.5,Ecuador,,,,,
Altus aka Cao Artisan,Momotombo,1728,2016,60,U.S.A.,2.75,Nicaragua,,,,,
Altus aka Cao Artisan,Bolivia,1133,2013,60,U.S.A.,3,Bolivia,,,,,
Bar Au Chocolat,Duarte Province,983,2012,70,U.S.A.,3.25,Dominican Republic,,,,,
Chocolate Con Amor,Wild Bolivian,1760,2016,70,U.S.A.,2.5,Bolivia,,,,,
Chocolate Conspiracy,Peru,1259,2014,74,U.S.A.,2.75,Peru,,,,,
Dandelion,Colombian,805,2012,70,U.S.A.,3.25,Colombia,,,,,
Dandelion,Madagascar,654,2011,70,U.S.A.,3.25,Madagascar,Trinitario,,,,
Davis,Rainforest,1093,2013,70,U.S.A.,2.75,Dominican Republic,,,,,
Guittard,Machu Pichu,259,2008,65,U.S.A.,3,Peru,,,,,
hexx,Tanzania,1546,2015,70,U.S.A.,2.75,Tanzania,,,,,
Molucca,Indonesia,1618,2015,70,U.S.A.,2.75,Indonesia,,,,,
Muchomas (Mesocacao),Nicaragua,1462,2015,70,U.S.A.,3.5,Nicaragua,,,,,
Nuance,La Red,1470,2015,70,U.S.A.,3.75,Dominican Republic,,,,,
Peppalo,Dominican Republic,1454,2015,82,U.S.A.,3,Dominican Republic,,,,,
Solstice,Bolivia,1161,2013,70,U.S.A.,3.25,Bolivia,,,,,
Spagnvola,AgroCriso Plantation,793,2012,75,U.S.A.,3.25,Dominican Republic,,,,,
Tejas,Espada,967,2012,70,U.S.A.,2.75,Brazil,,,,,
Violet Sky,Sambirano Valley,1458,2015,77,U.S.A.,2.75,Madagascar,Trinitario,,,,
Altus aka Cao Artisan,Peru,1133,2013,60,U.S.A.,3.25,Peru,,,,,
Arete,Nacional,1534,2015,68,U.S.A.,3.5,Peru,Forastero (Nacional),,,,
Bittersweet Origins,Ghana,963,2012,72,U.S.A.,3.5,Ghana,Forastero,,,,
Bowler Man,Maya Mountain,1267,2014,70,U.S.A.,2.75,Belize,Trinitario,,,,
Brasstown aka It's Chocolate,Chuao,1355,2014,70,U.S.A.,4,Venezuela,Trinitario,,,,
Brasstown aka It's Chocolate,Ghana,1129,2013,75,U.S.A.,3.5,Ghana,Forastero,,,,
Harper Macaw,Brazil Blend,1696,2015,67,U.S.A.,3,Brazil,,,,,
Just Good Chocolate,Belize,1375,2014,70,U.S.A.,3.5,Belize,Trinitario,,,,
Mindo,Ecuador,607,2010,67,U.S.A.,2.75,Ecuador,,,,,
Raaka,Amazon Basin Blend,1788,2016,70,U.S.A.,3,Peru(SMartin,,,,,
Rogue,Porcelana,1209,2014,80,U.S.A.,3.75,Venezuela,Criollo,,,,
Sacred,Midnight,813,2012,83,U.S.A.,2.75,Central and S. America,,,,,
Sjolinds,Ghana,1454,2015,70,U.S.A.,2.75,Ghana,Forastero,,,,
TCHO,Peru- Ecuador,915,2012,99,U.S.A.,3.25,Peru,,,,,
Bar Au Chocolat,Maranon Canyon,1295,2014,70,U.S.A.,4,Peru,Forastero (Nacional),,,,
Finca,Dominican Republic,1287,2014,85,U.S.A.,2.5,Dominican Republic,,,,,
Fruition,Signature Blend,753,2011,66,U.S.A.,3.25,Costa Rica,Trinitario,,,,
Guittard,Semisweet,99,2006,61,U.S.A.,3,,Blend,,,,
hexx,Peru,1550,2015,70,U.S.A.,3.25,Peru,,,,,
Kto,ROIG,1426,2014,72,U.S.A.,3.25,Dominican Republic,,,,,
L'Amourette,Rugoso,1784,2016,80,U.S.A.,3.5,Nicaragua,Trinitario,,,,
L'Amourette,Rio Caribe,833,2012,75,U.S.A.,3,Venezuela,Trinitario,,,,
Madre,Puerto Rico,1085,2013,70,U.S.A.,2.75,Puerto Rico,,,,,
Mars,Ivory Coast,544,2010,65,U.S.A.,3,Ivory Coast,,,,,
Meadowlands,Dominican Republic,1291,2014,70,U.S.A.,3.5,Dominican Republic,,,,,
Middlebury,Houseblend,887,2012,65,U.S.A.,1.5,,,,,,
Muchomas (Mesocacao),Nicaragua,1462,2015,80,U.S.A.,3.5,Nicaragua,,,,,
Olive and Sinclair,Dark 75,457,2009,75,U.S.A.,3,Ghana,,,,,
Patric,Signature Blend,636,2011,70,U.S.A.,3.75,,Blend,,,,
Rogue,Piura,565,2010,75,U.S.A.,3.75,Peru,,,,,
Tejas,Concepcion,801,2012,70,U.S.A.,2.75,Madagascar,,,,,
Terroir,Madagascar,1323,2014,67,U.S.A.,3.75,Madagascar,Trinitario,,,,
Violet Sky,Cuyagua,1458,2015,77,U.S.A.,3,Venezuela,Criollo,,,,
Woodblock,Sambirano,951,2012,70,U.S.A.,3.25,Madagascar,Trinitario,,,,
Woodblock,Ocumare,741,2011,70,U.S.A.,4,Venezuela,,,,,
Arete,Guatemala,1602,2015,70,U.S.A.,3.25,Guatemala,,,,,
Askinosie,San Jose del Tambo,175,2007,70,U.S.A.,3,Ecuador,Forastero (Arriba),,,,
Bittersweet Origins,2009 Hapa Nibby,502,2010,70,U.S.A.,3.75,Dominican Rep.,,,,,
Bittersweet Origins,Puerto Plata,233,2008,68,U.S.A.,3.75,Dominican Republic,,,,,
Blue Bandana,Guatemala,911,2012,70,U.S.A.,3.5,Guatemala,,,,,
Condor,Camino Verde,1630,2015,76,U.S.A.,3.5,Ecuador,,,,,
Dandelion,Tanzania,654,2011,70,U.S.A.,3.25,Tanzania,,,,,
Dick Taylor,Ecuador,769,2011,70,U.S.A.,3.25,Ecuador,,,,,
Dick Taylor,Sambirano,661,2011,72,U.S.A.,3,Madagascar,Trinitario,,,,
Guittard,Coucher du Soleil,654,2011,72,U.S.A.,2.75,,,,,,
Guittard,Quetzalcoatl,147,2007,72,U.S.A.,3.5,,Blend,,,,
Kyya,Uganda,1359,2014,72,U.S.A.,2.5,Uganda,Forastero,,,,
Noir d' Ebine,Ecuador,841,2012,70,U.S.A.,3,Ecuador,,,,,
Rogue,Rio Caribe,327,2009,70,U.S.A.,3.5,Venezuela,Trinitario,,,,
Rogue,Trinidad,213,2008,70,U.S.A.,3,Trinidad,Trinitario,,,,
Starchild,Rio Tuma,1692,2015,70,U.S.A.,3,Nicaragua,Trinitario (Amelonado),,,,
Sublime Origins,Sambirano,1157,2013,67,U.S.A.,2.75,Madagascar,Trinitario,,,,
TCHO,West Africa,1716,2016,62,U.S.A.,2,West Africa,Forastero,,,,
Vivra,Dominican Republic,1724,2016,70,U.S.A.,3,Domincan Republic,,,,,
Amano,Madagascar,129,2007,70,U.S.A.,3.5,Madagascar,Trinitario,,,,
Blue Bandana,Zorzal Reserva,1756,2016,75,U.S.A.,3,Dominican Republic,,,,,
Bowler Man,Conacado,1271,2014,70,U.S.A.,2.75,Dominican Republic,,,,,
DeVries,Bolivian,241,2008,80,U.S.A.,2.75,Bolivia,,,,,
Dick Taylor,La Red,769,2011,74,U.S.A.,3,Dominican Republic,,,,,
French Broad,La Red,785,2011,65,U.S.A.,3.5,Dominican Republic,,,,,
Glennmade,Bahia,1672,2015,66,U.S.A.,3,Brazil,Trinitario,,,,
Jacque Torres,Trinatario Treasure,5,2006,71,U.S.A.,2,Ghana,Trinitario,,,,
Letterpress,Maranura,1371,2014,70,U.S.A.,3.5,Peru,Forastero (Nacional),,,,
Mast Brothers,Shake Shack,959,2012,73,U.S.A.,3.5,Peru,,,,,
Mast Brothers,Brooklyn Blend,672,2011,72,U.S.A.,3.5,,,,,,
Mast Brothers,Patanemo,572,2010,81,U.S.A.,2.75,Venezuela,Criollo,,,,
Molucca,La Red,1614,2015,70,U.S.A.,3,Domincan Republic,,,,,
Nibble,Patanemo,1526,2015,72,U.S.A.,2.25,Venezuela,Criollo,,,,
Scharffen Berger,San Juan de Cheni,959,2012,78,U.S.A.,4,Peru,,,,,
Tejas,San Jose,971,2012,67,U.S.A.,3.25,Bolivia,,,,,
Tejas,Capistrano,821,2012,70,U.S.A.,2,Peru,,,,,
Escazu,Ocumare,252,2008,72,U.S.A.,3,Venezuela,Criollo,,,,
French Broad,Tumbes Coop,883,2012,70,U.S.A.,2.5,Peru,Criollo,,,,
L.A. Burdick (Felchlin),Peru,891,2012,74,U.S.A.,3.25,Peru,,,,,
L.A. Burdick (Felchlin),Bolivian,451,2009,68,U.S.A.,3,Bolivia,,,,,
Mast Brothers,Papua New Guinea,777,2011,71,U.S.A.,2.75,Papua New Guinea,,,,,
Noble Bean aka Jerjobo,Moho Valley,1299,2014,75,U.S.A.,3,Belize,Trinitario,,,,
Scharffen Berger,Tome Acu,336,2009,68,U.S.A.,3.75,Brazil,,,,,
Shark Mountain,Cuyagua,1466,2015,77,U.S.A.,2.75,Venezuela,Criollo,,,,
SRSLY,Dominican Republic,1121,2013,84,U.S.A.,2.25,Dominican Republic,,,,,
Amano,Ocumare,175,2007,70,U.S.A.,3.75,Venezuela,Criollo,,,,
Anahata,Elvesia,1259,2014,75,U.S.A.,3,Dominican Republic,,,,,
Bar Au Chocolat,Bahia,1554,2015,70,U.S.A.,3.5,Brazil,,,,,
Beehive,Ecuador,1788,2016,90,U.S.A.,2.75,Ecuador,,,,,
Bittersweet Origins,Sambirano,431,2009,65,U.S.A.,3.5,Madagascar,Trinitario,,,,
Brazen,Elvesia P.,1514,2015,80,U.S.A.,3.25,Dominican Republic,,,,,
Cacao Prieto,Dominican Republic,641,2011,66,U.S.A.,3.75,Dominican Republic,,,,,
Castronovo,Conacado,1101,2013,73,U.S.A.,3.5,Dominican Republic,Trinitario,,,,
Castronovo,Guaniamo,1153,2013,72,U.S.A.,3,Venezuela,,,,,
Dandelion,Dominican Republic,654,2011,70,U.S.A.,3.25,Dominican Republic,,,,,
Dark Forest,Ecuador,1554,2015,70,U.S.A.,3.25,Ecuador,,,,,
Ethel's Artisan (Mars),Porcelana,666,2011,70,U.S.A.,2.5,Venezuela,Criollo (Porcelana),,,,
hello cocoa,Uganda,1458,2015,57,U.S.A.,2.75,Uganda,Forastero,,,,
Kyya,Ecuador,1363,2014,72,U.S.A.,2.5,Ecuador,,,,,
L.A. Burdick (Felchlin),Quito,682,2011,74,U.S.A.,3.75,Ecuador,,,,,
Letterpress,San Andres,1566,2015,70,U.S.A.,3,Costa Rica,,,,,
Mast Brothers,Tanzania,1450,2015,74,U.S.A.,3.25,Tanzania,,,,,
Mast Brothers,Moho River,773,2011,70,U.S.A.,3.5,Belize,Trinitario,,,,
Noble Bean aka Jerjobo,Ghana,1295,2014,75,U.S.A.,3,Ghana,Forastero,,,,
Patric,Madagascar,439,2009,67,U.S.A.,3.5,Madagascar,Trinitario,,,,
Raaka,La Red,785,2011,85,U.S.A.,3.5,Dominican Republic,,,,,
Solstice,Wasatch,1161,2013,70,U.S.A.,3.5,,Blend,,,,
Tejas,Concepcion*,971,2012,80,U.S.A.,3,Venezuela,,,,,
Terroir,Oko Caribe,1554,2015,70,U.S.A.,3.5,Domincan Republic,,,,,
Theo,Congo w/ nibs,903,2012,65,U.S.A.,3.25,Congo,Forastero,,,,
twenty-four blackbirds,Dominican Republic,1022,2013,68,U.S.A.,3.25,Dominican Republic,,,,,
Undone,Nourish,1438,2014,70,U.S.A.,3,Dominican Republic,,,,,
Vanleer (Barry Callebaut),Manhattan,963,2012,72,U.S.A.,2.5,Ghana,Forastero,,,,
Altus aka Cao Artisan,Sur del Lago,1125,2013,60,U.S.A.,2.5,Venezuela,,,,,
Amano,Morobe,725,2011,70,U.S.A.,4,Papua New Guinea,,,,,
Bittersweet Origins,Puerto Plata,414,2009,65,U.S.A.,3.5,Dominican Republic,,,,,
Brasstown aka It's Chocolate,Maya Mountain,1255,2014,70,U.S.A.,3.75,Belize,Trinitario,,,,
Chequessett,la Amistad,1235,2014,70,U.S.A.,3.5,Costa Rica,,,,,
Dark Forest,Bolivia,1708,2016,75,U.S.A.,3.25,Bolivia,,,,,
Guittard,Tsaranta,93,2006,61,U.S.A.,3.5,,Blend,,,,
Marsatta,Dominican Republic,1189,2013,89,U.S.A.,2.5,Dominican Republic,,,,,
Night Owl,Ecuador,1022,2013,75,U.S.A.,3.5,Ecuador,,,,,
Pinellas,Wampusirpi Region,1772,2016,80,U.S.A.,2.5,Honduras,,,,,
Scharffen Berger,Las Islas,117,2007,72,U.S.A.,3,Carribean(DR/Jam/Tri),Blend,,,,
Arete,San Juan,1724,2016,70,U.S.A.,3.5,Trinidad,Trinitario,,,,
Askinosie,Davao,331,2009,77,U.S.A.,3.75,Philippines,Trinitario,,,,
Black Mountain,Carenero Superior,256,2008,70,U.S.A.,2.75,Venezuela,Trinitario,,,,
Castronovo,Nicaragua,1109,2013,72,U.S.A.,3.25,Nicaragua,Trinitario,,,,
Cello,Peru,1247,2014,70,U.S.A.,2.75,Peru,,,,,
Dandelion,Maya Mountain,1219,2014,70,U.S.A.,3.5,Belize,Trinitario,,,,
Dean and Deluca (Belcolade),Ghana,175,2007,60,U.S.A.,3,Ghana,Forastero,,,,
Dick Taylor,Bolivia,895,2012,75,U.S.A.,2.75,Bolivia,,,,,
Dulcinea,Dominican Republic,1506,2015,70,U.S.A.,3.25,Dominican Republic,,,,,
Durci,Taino Secret,1630,2015,70,U.S.A.,3.25,Domincan Republic,,,,,
Guittard,Nicaragua,1053,2013,65,U.S.A.,2.75,Nicaragua,,,,,
Mast Brothers,French Laundry 20th Anniversary,1359,2014,75,U.S.A.,3.75,Peru,,,,,
Mast Brothers,Madagascar,999,2012,72,U.S.A.,2.5,Madagascar,Trinitario,,,,
Middlebury,La Red,1117,2013,75,U.S.A.,2.5,Dominican Republic,,,,,
Night Owl,Peru,1022,2013,75,U.S.A.,2.75,Peru,,,,,
Scharffen Berger,Antilles (Trin/Gren/DR/Ven),188,2007,75,U.S.A.,3,Carribean,Blend,,,,
Scharffen Berger,Cuyagua,135,2007,75,U.S.A.,3.75,Venezuela,,,,,
Sol Cacao,Madagascar,1518,2015,72,U.S.A.,3,Madagascar,Trinitario,,,,
Spagnvola,AgroCriso Plantation,793,2012,70,U.S.A.,3,Dominican Republic,,,,,
Spagnvola,AgroCriso Plantation,793,2012,80,U.S.A.,3,Dominican Republic,,,,,
Starchild,Sambirano Valley,1696,2015,70,U.S.A.,3,Madagascar,Trinitario,,,,
TCHO,TCHOPro 68,387,2009,68,U.S.A.,3,,,,,,
Terroir,Uganda,1323,2014,73,U.S.A.,3.75,Uganda,Forastero,,,,
Theo,Madagascar,162,2007,65,U.S.A.,3.5,Madagascar,Trinitario,,,,
Videri,Classic,991,2012,70,U.S.A.,3.25,Central and S. America,,,,,
Askinosie,Xoconusco,141,2007,75,U.S.A.,2.5,Mexico,Trinitario,,,,
Brasstown aka It's Chocolate,Cooproagro,1125,2013,72,U.S.A.,3,Dominican Republic,Trinitario,,,,
Cao,Bolivia,1808,2016,75,U.S.A.,3,Bolivia,,,,,
Chocovivo,Tabasco,1522,2015,65,U.S.A.,2.5,Mexico,Trinitario,,,,
Dean and Deluca (Belcolade),Madagascar,170,2007,66,U.S.A.,2.5,Madagascar,Trinitario,,,,
hexx,Ecuador,1550,2015,73,U.S.A.,3.25,Ecuador,,,,,
Isidro,Dominican Republic,1279,2014,72,U.S.A.,3.25,Dominican Republic,,,,,
Just Good Chocolate,Peru,1375,2014,70,U.S.A.,4,Peru,,,,,
L'Amourette,Blend,853,2012,72,U.S.A.,3,Peru,,,,,
Middlebury,San Juan Estate,1490,2015,70,U.S.A.,3.5,Trinidad,Trinitario,,,,
Nibble,Tumbes,1526,2015,72,U.S.A.,3,Peru,Criollo,,,,
Scharffen Berger,Amina,464,2010,65,U.S.A.,3.75,Madagascar,Trinitario,,,,
Sjolinds,Nicaragua,1462,2015,72,U.S.A.,3,Nicaragua,,,,,
Solstice,San Martin,1161,2013,70,U.S.A.,3.25,Peru,,,,,
Solstice,Amazonas,1157,2013,70,U.S.A.,3,Venezuela,,,,,
Terroir,Peru,1478,2015,70,U.S.A.,2.75,Peru,,,,,
twenty-four blackbirds,Oko Caribe,1700,2015,75,U.S.A.,2.75,Domincan Republic,,,,,
Arete,Kokoa Kamili,1724,2016,70,U.S.A.,3.75,Tanzania,,,,,
Breeze Mill,Jamaica,1149,2013,70,U.S.A.,3,Jamaica,Trinitario,,,,
Cello,Bolivia,1251,2014,70,U.S.A.,3,Bolivia,,,,,
Davis,Ghana,1093,2013,70,U.S.A.,2.5,Ghana,Forastero,,,,
Fruition,Camino Verde,1185,2013,75,U.S.A.,3,Ecuador,,,,,
Indaphoria,La Red,821,2012,70,U.S.A.,3.25,Dominican Republic,,,,,
Kto,San Martin,1422,2014,72,U.S.A.,2.5,Peru,,,,,
Mana,Peru,1219,2014,74,U.S.A.,2.5,Peru,,,,,
Scharffen Berger,Nibby,135,2007,62,U.S.A.,3,,,,,,
Videri,Dominican Republic,1211,2014,90,U.S.A.,3.25,Dominican Republic,,,,,
Askinosie,Cortes,661,2011,70,U.S.A.,3.75,Honduras,Trinitario,,,,
Brazen,Elvesia P.,1514,2015,60,U.S.A.,3,Dominican Republic,,,,,
Bronx Grrl Chocolate,Dominican Republic,1181,2013,68,U.S.A.,2.75,Dominican Republic,,,,,
Davis,Venezuela,1093,2013,70,U.S.A.,2.75,Venezuela,,,,,
French Broad,Guatemala,1634,2015,73,U.S.A.,3.5,Guatemala,,,,,
Map Chocolate,Le Chocolat Chaud,1634,2015,78,U.S.A.,3.5,Honduras,,,,,
Mast Brothers,Chuao,999,2012,73,U.S.A.,2.75,Venezuela,Trinitario,,,,
Middlebury,Maya Mountain,1490,2015,80,U.S.A.,3.5,Belize,Trinitario,,,,
Park 75,South America,1363,2014,65,U.S.A.,3.5,South America,,,,,
Patric,Madagascar,196,2007,70,U.S.A.,4,Madagascar,Trinitario,,,,
Pitch Dark,Namau Village,1315,2014,73,U.S.A.,2.5,Fiji,Trinitario,,,,
Scharffen Berger,Camahogne,464,2010,68,U.S.A.,3.5,Grenada,Trinitario,,,,
Tocoti,Venezuela,789,2011,72,U.S.A.,2.75,Venezuela,,,,,
Altus aka Cao Artisan,Gruppo Salinas,1732,2016,60,U.S.A.,2.75,Ecuador,,,,,
Arete,Oko Caribe,1598,2015,70,U.S.A.,3.5,Domincan Republic,,,,,
Cacao Atlanta,Tumbes,1215,2014,75,U.S.A.,2.5,Peru,Criollo,,,,
Castronovo,Sierra Nevada,1347,2014,72,U.S.A.,3.5,Colombia,Criollo,,,,
Castronovo,Arauca,1371,2014,76,U.S.A.,3.5,Colombia,Criollo,,,,
Cello,Venezuela,1251,2014,70,U.S.A.,2.75,Venezuela,,,,,
Dandelion,Patanemo,1026,2013,70,U.S.A.,3.25,Venezuela,,,,,
Finca,Puerto Rico,1283,2014,65,U.S.A.,2.25,Puerto Rico,,,,,
Kyya,Madagascar,1363,2014,72,U.S.A.,3,Madagascar,Trinitario,,,,
Lillie Belle,Purple Haze,947,2012,75,U.S.A.,2.75,Venezuela,,,,,
Nathan Miller,Ghana,1403,2014,70,U.S.A.,3.5,Ghana,Forastero,,,,
Sacred,Twilight,813,2012,69,U.S.A.,3.25,Central and S. America,,,,,
Scharffen Berger,Markham Valley,781,2011,68,U.S.A.,3.75,Papua New Guinea,,,,,
Terroir,Ecuador,1323,2014,77,U.S.A.,3.25,Ecuador,,,,,
Theo,Ivory Coast,184,2007,75,U.S.A.,2.5,Ivory Coast,,,,,
Violet Sky,Moho River Valley,1458,2015,77,U.S.A.,3,Belize,Criollo,,,,
Violet Sky,Peru,1458,2015,77,U.S.A.,3.25,Peru,Criollo,,,,
Amano,Guayas,470,2010,70,U.S.A.,4,Ecuador,,,,,
Burnt Fork Bend,Blend,1303,2014,72,U.S.A.,3.25,,Blend,,,,
Durci,Corona Arriba,1630,2015,70,U.S.A.,4,Ecuador,,,,,
Ethereal,Dominican Republic,1275,2014,80,U.S.A.,3.75,Dominican Republic,,,,,
hexx,Venezuela,1546,2015,70,U.S.A.,3,Venezuela,,,,,
Isidro,Belize,1279,2014,72,U.S.A.,3.25,Belize,Trinitario,,,,
Just Good Chocolate,Madagascar,1375,2014,70,U.S.A.,3.5,Madagascar,Trinitario,,,,
Kto,Belize,1426,2014,90,U.S.A.,3.25,Belize,Trinitario,,,,
L.A. Burdick (Felchlin),Brazil,891,2012,70,U.S.A.,4,Brazil,,,,,
Molucca,Peru,1618,2015,70,U.S.A.,3.25,Peru,,,,,
Ohiyo,Tanzania,1598,2015,70,U.S.A.,3,Tanzania,,,,,
Olive and Sinclair,Dark 67,457,2009,67,U.S.A.,2.75,Ghana,,,,,
Parliament,Kilombero Valley,1856,2016,70,U.S.A.,3.25,Tanzania,,,,,
Scharffen Berger,Jamaica a l'ancienne,56,2006,70,U.S.A.,2,Jamaica,Trinitario,,,,
Shark Mountain,Jamaica,1450,2015,72,U.S.A.,3.25,Jamaica,Trinitario,,,,
Shark Mountain,Ecuador,1335,2014,75,U.S.A.,3,Ecuador,Trinitario,,,,
Snake & Butterfly,Ghana,693,2011,67,U.S.A.,1.5,Ghana,Forastero,,,,
Snake & Butterfly,Ecuador,502,2010,68,U.S.A.,3.25,Ecuador,,,,,
Somerville,Nicaragua,1367,2014,70,U.S.A.,3.25,Nicaragua,,,,,
Tabal,Peru,1105,2013,70,U.S.A.,3,Peru,,,,,
Taza,Chiapan,451,2009,75,U.S.A.,2.75,Mexico,,,,,
Bittersweet Origins,Sambirano,233,2008,71,U.S.A.,3,Madagascar,Trinitario,,,,
Black Mountain,Matiguas,256,2008,70,U.S.A.,3,Nicaragua,,,,,
Blue Bandana,Kokoa Kamili,1752,2016,75,U.S.A.,3.5,Tanzania,,,,,
Brasstown aka It's Chocolate,Conacado,1462,2015,68,U.S.A.,3.75,Dominican Republic,,,,,
Cao,Tanzania,1804,2016,73,U.S.A.,2.75,Tanzania,,,,,
Cao,Porcelana,1804,2016,75,U.S.A.,2.5,Venezuela,Criollo,,,,
Castronovo,San Martin,1105,2013,70,U.S.A.,2.5,Peru,Criollo,,,,
Castronovo,Tumbes,1153,2013,70,U.S.A.,2.75,Peru,Criollo,,,,
Dandelion,Buto,1303,2014,70,U.S.A.,2.75,Liberia,,,,,
Dick Taylor,Sambirano,661,2011,80,U.S.A.,2.75,Madagascar,Trinitario,,,,
Ethereal,Ecuador,1275,2014,80,U.S.A.,3.5,Ecuador,,,,,
French Broad,Matagalpa,1295,2014,68,U.S.A.,3.25,Nicaragua,,,,,
Kyya,Hispaniola,1359,2014,72,U.S.A.,3,Dominican Republic,,,,,
Madre,Brazil,1085,2013,70,U.S.A.,3.5,Brazil,,,,,
Madre,Kaua'i,995,2012,70,U.S.A.,3.5,Hawaii,,,,,
Madre,Upala,693,2011,70,U.S.A.,2.75,Costa Rica,,,,,
Maverick,Tumbes,1430,2014,82,U.S.A.,3.25,Peru,Criollo,,,,
Nathan Miller,Madagascar,1403,2014,73,U.S.A.,2.5,Madagascar,Trinitario,,,,
Shark Mountain,Papua New Guinea,1450,2015,73,U.S.A.,3.5,Papua New Guinea,Forastero,,,,
Taza,Belize,1271,2014,68,U.S.A.,3,Belize,Trinitario,,,,
Tejas,San Jose,829,2012,70,U.S.A.,2.75,Bolivia,,,,,
Amano,Chuao,544,2010,70,U.S.A.,3,Venezuela,Trinitario,,,,
Askinosie,Mababa,1780,2016,68,U.S.A.,3.75,Tanzania,Trinitario,,,,
Bittersweet Origins,Sambirano,423,2009,75,U.S.A.,3.25,Madagascar,Trinitario,,,,
Burnt Fork Bend,Belize,1303,2014,72,U.S.A.,3.25,Belize,Trinitario,,,,
Chocolate Con Amor,Ecuador,1764,2016,70,U.S.A.,3.25,Ecuador,,,,,
Dean and Deluca (Belcolade),Costa Rica,175,2007,64,U.S.A.,3,Costa Rica,,,,,
Dean and Deluca (Belcolade),Papua New Guinea,180,2007,64,U.S.A.,3,Papua New Guinea,,,,,
L.A. Burdick (Felchlin),Venzuela,597,2010,71,U.S.A.,3,Venezuela,,,,,
Madre,Dominican,672,2011,70,U.S.A.,2.5,Dominican Republic,,,,,
Middlebury,Oko Caribe,1490,2015,75,U.S.A.,3.75,Dominican Republic,,,,,
Pitch Dark,Nicalizo,1510,2015,80,U.S.A.,2.75,Nicaragua,Trinitario,,,,
Ritual,Gran Couva,979,2012,75,U.S.A.,3.5,Trinidad,Trinitario,,,,
TCHO,Citrus-beta,280,2008,70,U.S.A.,2.75,Madagascar,,,,,
TCHO,Fruity-beta,280,2008,70,U.S.A.,2.5,Peru,,,,,
Terroir,Madagascar,1478,2015,70,U.S.A.,3.75,Madagascar,Trinitario,,,,
Arete,Maya Mountain,1598,2015,70,U.S.A.,3.75,Belize,Trinitario,,,,
Bittersweet Origins,Ankasa,256,2008,70,U.S.A.,3,Ghana,Forastero,,,,
Castronovo,Elvesia P.,1407,2014,70,U.S.A.,2.75,Dominican Republic,Trinitario,,,,
Chocolate Con Amor,Nicaragua,1768,2016,80,U.S.A.,2.75,Nicaragua,,,,,
Dark Forest,Tanzania,1554,2015,70,U.S.A.,3,Tanzania,,,,,
Ethel's Artisan (Mars),Trinidad,666,2011,55,U.S.A.,2.5,Trinidad,Trinitario,,,,
Isidro,Madagascar,1275,2014,72,U.S.A.,3.5,Madagascar,Trinitario,,,,
Isidro,Peru,1279,2014,72,U.S.A.,2.25,Peru,,,,,
Kto,Ocumare,1422,2014,72,U.S.A.,2.75,Venezuela,,,,,
L.A. Burdick (Felchlin),Grenada,576,2010,75,U.S.A.,3.25,Grenada,Trinitario,,,,
Map Chocolate,Colombia,1610,2015,75,U.S.A.,2.75,Colombia,,,,,
Maverick,Maya Mountain,1367,2014,70,U.S.A.,3.25,Belize,Trinitario,,,,
TCHO,Chocolatey-beta,199,2008,70,U.S.A.,2.5,Ghana,Forastero,,,,
Violet Sky,Cahabon,1502,2015,77,U.S.A.,2.75,Guatemala,Trinitario,,,,
Woodblock,La Red,769,2011,70,U.S.A.,3.5,Dominican Republic,,,,,
Altus aka Cao Artisan,Bolivia,1129,2013,80,U.S.A.,3.25,Bolivia,,,,,
Altus aka Cao Artisan,Conacado,1125,2013,60,U.S.A.,3,Dominican Republic,Trinitario,,,,
Arete,Fazenda Camboa,1602,2015,75,U.S.A.,2.75,Brazil,,,,,
Burnt Fork Bend,Trinidad,1299,2014,72,U.S.A.,3.25,Trinidad,Trinitario,,,,
Cacao Atlanta,Patanemo,600,2010,75,U.S.A.,2.25,Venezuela,,,,,
Cao,Brazil,1808,2016,70,U.S.A.,3.25,Brazil,Trinitario,,,,
Cello,Ecuador,1247,2014,70,U.S.A.,2.5,Ecuador,,,,,
Chocolate Con Amor,Dominican Republic,1764,2016,60,U.S.A.,3,Dominican Republic,,,,,
Chocolate Con Amor,Ocumare,1764,2016,80,U.S.A.,3,Venezuela,Criollo (Ocumare),,,,
Coleman & Davis,Sambirano,1646,2015,75,U.S.A.,3,Madagascar,Trinitario,,,,
Dean and Deluca (Belcolade),Ecuador,175,2007,71,U.S.A.,3,Ecuador,,,,,
Guittard,Ecuador,1053,2013,65,U.S.A.,3.5,Ecuador,,,,,
Nathan Miller,Hispaniola,1403,2014,70,U.S.A.,2.5,Dominican Republic,,,,,
Nibble,Elvesia P.,1526,2015,72,U.S.A.,2.75,Dominican Republic,Trinitario,,,,
Noir d' Ebine,Venezuela,837,2012,70,U.S.A.,3,Venezuela,,,,,
Scharffen Berger,Bittersweet,15,2006,70,U.S.A.,3.5,,Blend,,,,
Tejas,Presidio,805,2012,70,U.S.A.,3.5,Dominican Republic,,,,,
Terroir,Guatemala,1558,2015,70,U.S.A.,3.75,Guatemala,Trinitario,,,,
Vicuna,Palos Blancos + nibs,1470,2015,70,U.S.A.,3.25,Bolivia,,,,,
Amano,Montanya,363,2009,70,U.S.A.,3,Venezuela,,,,,
Arete,Chuno,1598,2015,70,U.S.A.,4,Nicaragua,Criollo,,,,
Bisou,Belize,1486,2015,86,U.S.A.,3.25,Belize,Trinitario,,,,
Bittersweet Origins,Puerto Plata,414,2009,75,U.S.A.,3,Dominican Republic,,,,,
Dark Forest,Madagascar,1550,2015,70,U.S.A.,3,Madagascar,Trinitario,,,,
Guittard,Nocturne,387,2009,91,U.S.A.,3,,,,,,
hexx,Madagascar,1546,2015,74,U.S.A.,3,Madagascar,Trinitario,,,,
Manoa,Coto Brus,1522,2015,72,U.S.A.,3.75,Costa Rica,,,,,
Meadowlands,Bolivia,1287,2014,70,U.S.A.,2.5,Bolivia,,,,,
Middlebury,Belize,1117,2013,80,U.S.A.,3.25,Belize,Trinitario,,,,
Moho,Toledo District,1030,2013,72,U.S.A.,3,Belize,Trinitario,,,,
Olive and Sinclair,Dominican Republic prototype,486,2010,72,U.S.A.,3,Dominican Republic,,,,,
Patric,Madagascar,331,2009,75,U.S.A.,4,Madagascar,Trinitario,,,,
Pitch Dark,Johe,1506,2015,80,U.S.A.,2.75,Nicaragua,,,,,
Raaka,Virunga,1708,2015,75,U.S.A.,2.75,Congo,Forastero,,,,
Ritual,Sambirano,891,2012,75,U.S.A.,4,Madagascar,Trinitario,,,,
Scharffen Berger,Kumasi Sambirano,40,2006,68,U.S.A.,2,Ghana & Madagascar,Blend,,,,
twenty-four blackbirds,Dominican Republic,753,2011,73,U.S.A.,2.75,Dominican Republic,,,,,
Undone,Matagalpa,1438,2014,74,U.S.A.,2.75,Nicaragua,,,,,
Vanleer (Barry Callebaut),Napa,963,2012,65,U.S.A.,2.75,Ghana,Forastero,,,,
Altus aka Cao Artisan,Villa Andina,1732,2016,60,U.S.A.,2.5,Peru,,,,,
Chocolate Con Amor,Dominican Republic,1764,2016,75,U.S.A.,3,Dominican Republic,,,,,
Dark Forest,Ocumare,1550,2015,70,U.S.A.,3.25,Venezuela,,,,,
Dick Taylor,Mantuano,682,2011,75,U.S.A.,2.75,Venezuela,Criollo,,,,
Escazu,Rio Caribe,903,2012,70,U.S.A.,2.75,Venezuela,Trinitario,,,,
Ethereal,Belize,1275,2014,80,U.S.A.,3,Belize,Trinitario,,,,
Guittard,Complexite,387,2009,70,U.S.A.,3.5,,Blend,,,,
Guittard,Chucuri,15,2006,65,U.S.A.,3,Colombia,Trinitario,,,,
Kto,Belize,1422,2014,72,U.S.A.,3,Belize,Trinitario,,,,
Love Bar,Nicaragua,1502,2015,75,U.S.A.,2,Nicaragua,,,,,
Mana,Conacado,821,2012,74,U.S.A.,3.75,Dominican Republic,,,,,
Mast Brothers,San Martin,777,2011,75,U.S.A.,3,Peru,,,,,
Mast Brothers,Ocumare de la Costa,572,2010,75,U.S.A.,3,Venezuela,,,,,
Parliament,Alto Beni,1251,2014,70,U.S.A.,3,Bolivia,,,,,
Pitch Dark,Tenor,1506,2015,62,U.S.A.,2.5,Nicaragua,,,,,
Potomac,Upala w/ nibs,647,2011,70,U.S.A.,3.5,Costa Rica,Matina,,,,
Solstice,Sambirano,1157,2013,70,U.S.A.,3,Madagascar,Trinitario,,,,
Tejas,Capistrano*,829,2012,70,U.S.A.,3,Madagascar,,,,,
Tejas,Espada,833,2012,70,U.S.A.,3.25,Mexico,,,,,
Tejas,Aranama,805,2012,70,U.S.A.,3,Papua New Guinea,,,,,
Treehouse,Conacado,1239,2014,72,U.S.A.,3,Dominican Republic,,,,,
Altus aka Cao Artisan,CIAAB Coop,1732,2016,60,U.S.A.,2.5,Bolivia,,,,,
Brazen,Maya Mountain,1518,2015,80,U.S.A.,3.25,Belize,Trinitario,,,,
Chocovivo,Tabasco,1522,2015,75,U.S.A.,2.5,Mexico,Trinitario,,,,
Dean and Deluca (Belcolade),Peru,180,2007,64,U.S.A.,3,Peru,,,,,
Indi,Honduras,1255,2014,77,U.S.A.,3,Honduras,,,,,
Kto,Sambirano Valley,1422,2014,72,U.S.A.,3.25,Madagascar,Trinitario,,,,
Mars,Nigeria,544,2010,65,U.S.A.,3.25,Nigeria,,,,,
Middlebury,Alto Beni,887,2012,75,U.S.A.,2,Bolivia,Criollo,,,,
Pitch Dark,Rugoso,1510,2015,80,U.S.A.,3.25,Nicaragua,,,,,
Pomm (aka Dead Dog),Peru,829,2012,82,U.S.A.,2.75,Peru,Criollo,,,,
Scharffen Berger,Ben Tre,445,2009,72,U.S.A.,3.75,Vietnam,Trinitario,,,,
Scharffen Berger,Extra Dark,15,2006,82,U.S.A.,2,,,,,,
Shark's,Hilo,713,2011,73,U.S.A.,2,Hawaii,,,,,
Woodblock,Gran Couva,1042,2013,70,U.S.A.,3.5,Trinidad,Trinitario,,,,
Amano,Dos Rios,470,2010,70,U.S.A.,3.75,Dominican Republic,,,,,
Blue Bandana,Madagascar,911,2012,70,U.S.A.,3.75,Madagascar,Trinitario,,,,
Brazen,Ambolikapiky P.,1518,2015,80,U.S.A.,2.75,Madagascar,,,,,
Cacao Atlanta,Dominican Republic w/ nibs,502,2010,75,U.S.A.,2.75,Dominican Republic,,,,,
Escazu,Guapiles,414,2009,65,U.S.A.,2,Costa Rica,,,,,
Escazu,Carenero Superior,423,2009,81,U.S.A.,3.5,Venezuela,Criollo,,,,
French Broad,San Andres,1209,2014,80,U.S.A.,3,Costa Rica,,,,,
Guittard,Lever du Soleil,654,2011,61,U.S.A.,3.25,,,,,,
Guittard,Trinidad,552,2010,65,U.S.A.,3,Trinidad,Trinitario,,,,
Guittard,Ocumare,276,2008,65,U.S.A.,3.5,Venezuela,,,,,
L.A. Burdick (Felchlin),Madagascar,431,2009,64,U.S.A.,3.5,Madagascar,Trinitario,,,,
L'Amourette,Carenero Superior,833,2012,75,U.S.A.,3,Venezuela,Trinitario,,,,
Mast Brothers,Guatemala,1450,2015,76,U.S.A.,3,Guatemala,,,,,
Mast Brothers,Conacado,777,2011,73,U.S.A.,3.25,Dominican Republic,,,,,
Mindo,Ecuador,607,2010,77,U.S.A.,2.75,Ecuador,,,,,
Noble Bean aka Jerjobo,Maranon Canyon,1299,2014,75,U.S.A.,3.25,Peru,Forastero (Nacional),,,,
Parliament,Oko Caribe,1255,2014,70,U.S.A.,3.5,Dominican Republic,,,,,
SRSLY,Dominican Republic,1113,2013,70,U.S.A.,3,Dominican Republic,,,,,
TCHO,Nutty-beta,284,2008,70,U.S.A.,2.5,Peru,,,,,
Vivra,Peru,1720,2016,70,U.S.A.,2.5,Peru,,,,,
Brazen,Ambolikapkly P.,1518,2015,60,U.S.A.,3.25,Madagascar,,,,,
Chocolate Con Amor,Uganda,1760,2016,70,U.S.A.,2.75,Uganda,,,,,
Chuao Chocolatier (Pralus),Chuao,486,2010,77,U.S.A.,2.75,Venezuela,Trinitario,,,,
DeVries,Costa Rica,166,2007,77,U.S.A.,3.5,Costa Rica,Trinitario,,,,
Fruition,Maranon,1359,2014,76,U.S.A.,3,Peru,Forastero (Nacional),,,,
Fruition,Costa Rica,781,2011,70,U.S.A.,3,Costa Rica,,,,,
Guittard,Jamaica,1053,2013,65,U.S.A.,3.25,Jamaica,Trinitario,,,,
Guittard,Sur del Lago,87,2006,65,U.S.A.,2.5,Venezuela,Trinitario,,,,
Lake Champlain (Callebaut),Tanzania,327,2009,75,U.S.A.,2.5,Tanzania,,,,,
Letterpress,Liberia,1728,2016,70,U.S.A.,3.25,Liberia,,,,,
Manoa,Markham Valley,1522,2015,72,U.S.A.,3.5,Papua New Guinea,,,,,
Map Chocolate,Ecuador,1478,2015,70,U.S.A.,3.5,Ecuador,Trinitario,,,,
Millcreek Cacao Roasters,Ecuador,825,2012,70,U.S.A.,3.5,Ecuador,,,,,
Potomac,Bahia,789,2011,70,U.S.A.,3.5,Brazil,,,,,
Solstice,Bundibugyo,1335,2014,70,U.S.A.,3,Uganda,Forastero,,,,
Tabal,Costa Rica,1101,2013,70,U.S.A.,2.75,Costa Rica,,,,,
Duffy's,Star of Peru,523,2010,70,U.K.,3.75,Peru,,,,,
Hotel Chocolat (Coppeneur),Mekong Delta & Dong Nai,1038,2013,80,U.K.,3.5,Vietnam,Trinitario,,,,
Artisan du Chocolat,Madagascar,363,2009,80,U.K.,3,Madagascar,Criollo,,,,
Hotel Chocolat (Coppeneur),Sambirano,809,2012,66,U.K.,3.5,Madagascar,Trinitario,,,,
Seaforth,Dominican Republic,1658,2015,70,U.K.,2.75,Domincan Republic,,,,,
Willie's Cacao,Rio Caribe,457,2009,72,U.K.,3.25,Venezuela,Trinitario,,,,
Artisan du Chocolat,Congo,300,2008,72,U.K.,3.75,Congo,Forastero,,,,
Black River (A. Morin),Blue Mountain Region,1331,2014,70,U.K.,2.75,Jamaica,Trinitario,,,,
Damson,Los Rios,1610,2015,70,U.K.,3.5,Ecuador,,,,,
Willie's Cacao,Los Llanos,1848,2016,70,U.K.,4,Colombia,,,,,
Artisan du Chocolat,Jamaica,531,2010,72,U.K.,3.75,Jamaica,Trinitario,,,,
Doble & Bignall,Johe,1407,2014,72,U.K.,3.5,Nicaragua,Criollo,,,,
Duffy's,Panama,516,2010,70,U.K.,3.5,Panama,,,,,
Pump Street Bakery,Honduras,1688,2015,80,U.K.,2.75,Honduras,,,,,
Artisan du Chocolat,Venezuela,486,2010,100,U.K.,1.75,Venezuela,,,,,
Hotel Chocolat (Coppeneur),Tanzania,296,2008,75,U.K.,2.75,Tanzania,,,,,
Artisan du Chocolat,Brazil Rio Doce,363,2009,72,U.K.,1.75,Brazil,,,,,
Artisan du Chocolat,Java,355,2009,72,U.K.,2.75,Indonesia,Trinitario,,,,
Hotel Chocolat (Coppeneur),Trinidad,1038,2013,75,U.K.,3,Trinidad,Trinitario,,,,
Seaforth,Grenada,1658,2015,70,U.K.,2.75,Grenada,,,,,
Chocolarder,Peru + nibs,1482,2015,65,U.K.,2.75,Peru,Criollo,,,,
Artisan du Chocolat,Ba Ria Vung Tau Province,600,2010,72,U.K.,3.25,Vietnam,Trinitario,,,,
Duffy's,Star of Ecuador,523,2010,70,U.K.,2.5,Ecuador,,,,,
Artisan du Chocolat,Bali,600,2010,72,U.K.,3.5,Indonesia,,,,,
Chocolarder,Dominican Republic,1514,2015,80,U.K.,2.5,Dominican Republic,,,,,
Damson,O'Payo,1666,2015,70,U.K.,2.75,Nicaragua,,,,,
Chocolarder,Peru,1482,2015,65,U.K.,2.5,Peru,Criollo,,,,
Willie's Cacao,Hacienda Las Trincheras,593,2010,72,U.K.,3.5,Venezuela,,,,,
Duffy's,Ocumare,765,2011,71,U.K.,3.5,Venezuela,,,,,
Doble & Bignall,Puerto Cabello,1688,2015,85,U.K.,3,Venezuela,,,,,
Damson,Robson Estate,1610,2015,70,U.K.,3,Trinidad,Trinitario,,,,
Duffy's,Dominican Republic,661,2011,65,U.K.,3.5,Dominican Republic,,,,,
Pump Street Bakery,Guantupi River,1223,2014,75,U.K.,3,Ecuador,Forastero (Nacional),,,,
Willie's Cacao,Java,593,2010,69,U.K.,3.75,Indonesia,,,,,
Willie's Cacao,Sambirano,593,2010,71,U.K.,3,Madagascar,Trinitario,,,,
Artisan du Chocolat,Dominican Republic,363,2009,72,U.K.,3.25,Dominican Republic,Trinitario,,,,
Chocablog,Ecuador,1454,2015,70,U.K.,3.25,Ecuador,,,,,
Artisan du Chocolat,Panama,745,2011,72,U.K.,2.75,Panama,,,,,
Hotel Chocolat (Coppeneur),Santo Domingo,552,2010,70,U.K.,3,Dominican Republic,,,,,
Hotel Chocolat (Coppeneur),Uba Budo,300,2008,72,U.K.,3,Sao Tome,Forastero,,,,
Willie's Cacao,San Martin,457,2009,70,U.K.,3,Peru,,,,,
Hotel Chocolat (Coppeneur),Chuao,600,2010,70,U.K.,2.75,Venezuela,Trinitario,,,,
Pump Street Bakery,Guantupi River,1227,2014,85,U.K.,2.75,Ecuador,Forastero (Nacional),,,,
Willie's Cacao,Los Llanos,1227,2014,88,U.K.,3,Colombia,Trinitario,,,,
Artisan du Chocolat,Peru,363,2009,75,U.K.,3,Peru,Criollo,,,,
Artisan du Chocolat,Haiti,729,2011,72,U.K.,4,Haiti,,,,,
Duffy's,Ocumare,923,2012,72,U.K.,3.75,Venezuela,,,,,
Hotel Chocolat (Coppeneur),St. Lucia,245,2008,72,U.K.,3,St. Lucia,,,,,
Artisan du Chocolat,Costa Rica,600,2010,72,U.K.,3.25,Costa Rica,,,,,
Damson,Crayfish Bay aka Non Pariel Estate,1666,2015,70,U.K.,2.25,Grenada,,,,,
Hotel Chocolat (Coppeneur),Ecuador,552,2010,70,U.K.,2.75,Ecuador,,,,,
Forever Cacao,Rio Eni,1267,2014,72,U.K.,2.75,Peru,Criollo,,,,
Green & Black's (ICAM),Dark,15,2006,70,U.K.,2.5,,,,,,
Hotel Chocolat (Coppeneur),Uganda,296,2008,80,U.K.,2.5,Uganda,Forastero,,,,
Beschle (Felchlin),Maracaibo,636,2011,88,Switzerland,3,Venezuela,Criollo,,,,
Idilio (Felchlin),Coopertiva Amazona,725,2011,72,Switzerland,3.75,Venezuela,Criollo,,,,
Felchlin,Maracaibo Clasificado,48,2006,65,Switzerland,3,Venezuela,Criollo,,,,
Felchlin,Grenada,494,2010,58,Switzerland,3.5,Grenada,Trinitario,,,,
Felchlin,Elvesia P.,105,2006,74,Switzerland,3,Dominican Republic,Trinitario,,,,
Felchlin,Arriba,48,2006,72,Switzerland,3.5,Ecuador,Forastero (Arriba),,,,
Beschle (Felchlin),Madagascar,636,2011,64,Switzerland,3,Madagascar,Trinitario,,,,
Original Beans (Felchlin),Papua Kerafat,1438,2014,68,Switzerland,2.75,Papua New Guinea,,,,,
Sprungli (Felchlin),Alto Beni,1057,2013,70,Switzerland,3,Bolivia,Criollo,,,,
Idilio (Felchlin),Coopertiva Amazona w/ nibs,737,2011,72,Switzerland,4,Venezuela,Criollo,,,,
Beschle (Felchlin),Ecuador,636,2011,72,Switzerland,4,Ecuador,,,,,
Felchlin,Supremo- SF,105,2006,62,Switzerland,2,,,,,,
Stella (aka Bernrain),India,729,2011,72,Switzerland,3.25,India,,,,,
Lindt & Sprungli,Excellence (US Version),157,2007,85,Switzerland,3,,,,,,
Malmo,Chuao,1856,2016,70,Sweden,3,Venezuela,,,,,
The Barn,Peru,1614,2015,70,Sweden,3,Peru,,,,,
Metiisto,Akesson Estate,1267,2014,72,Sweden,3.5,Madagascar,Trinitario,,,,
Svenska Kakaobolaget,Sri Lanka,1618,2015,70,Sweden,2.75,Sri Lanka,Criollo,,,,
Emerald Estate,Emerald Estate,1137,2013,70,St. Lucia,3.25,St. Lucia,,,,,
Emerald Estate,Emerald Estate,1137,2013,60,St. Lucia,2.75,St. Lucia,,,,,
Blanxart,Organic Dark,322,2009,72,Spain,2.75,,,,,,
Chocovic,Kendari,439,2009,60,Spain,3.25,,,,,,
Cacao Sampaka,Ecuador,523,2010,71,Spain,3.75,Ecuador,,,,,
Chocovic,Xoconusco,478,2010,71,Spain,3.25,Mexico,Criollo,,,,
Cacao Sampaka,Venezuela,537,2010,77,Spain,3.5,Venezuela,,,,,
Chocovic,Tarakan,439,2009,75,Spain,3.25,,,,,,
Cacao Sampaka,Grenada,537,2010,71,Spain,3.25,Grenada,Trinitario,,,,
Cacao Sampaka,Papua,523,2010,71,Spain,4,Papua New Guinea,,,,,
Chocovic,Sambirano,478,2010,71,Spain,3.5,Madagascar,Trinitario,,,,
Amatller (Simon Coll),Ghana,322,2009,70,Spain,3,Ghana,Forastero,,,,
Amatller (Simon Coll),Ghana,464,2009,85,Spain,3,Ghana,Forastero,,,,
Chocovic,Ocumare,209,2008,71,Spain,3.5,Venezuela,Criollo,,,,
Chocovic,Maragda,117,2007,70,Spain,3,,Blend,,,,
Pangea,Matasawalevu,1860,2016,76,Spain,3,Fiji,,,,,
Cacao Sampaka,Venezuela,537,2010,71,Spain,3.5,Venezuela,,,,,
Amatller (Simon Coll),Ecuador,464,2009,85,Spain,2.75,Ecuador,,,,,
Cacao Sampaka,Madagascar,508,2010,71,Spain,3.5,Madagascar,Trinitario,,,,
Chocovic,Guyave,117,2007,71,Spain,2.5,Grenada,Trinitario,,,,
Enric Rovira (Claudio Corallo),Terreiro Velho P.,565,2010,80,Spain,3.25,Sao Tome & Principe,Forastero,,,,
Amatller (Simon Coll),Ecuador,327,2009,70,Spain,2.75,Ecuador,,,,,
Roasting Masters,Maleku,1844,2016,70,South Korea,3.25,Costa Rica,,,,,
De Villiers,Bundibugyo District,1832,2016,70,South Africa,2.5,Uganda,Forastero,,,,
Ocelot,Piura,1558,2015,75,Scotland,4,Peru,Criollo,,,,
iQ Chocolate,black label,943,2012,72,Scotland,3,Peru,,,,,
Ocelot,Virunga,1558,2015,70,Scotland,3.75,Congo,Forastero,,,,
Claudio Corallo,Principe,252,2008,100,Sao Tome,1,Sao Tome & Principe,Forastero,,,,
Claudio Corallo,Terreiro Velho P.,227,2008,75,Sao Tome,4,Sao Tome & Principe,Forastero,,,,
Claudio Corallo,Terreiro Velho P.,470,2010,73,Sao Tome,3.75,Sao Tome & Principe,Forastero,,,,
Claudio Corallo,Terreiro Velho P. w/ sugar crystals,209,2008,80,Sao Tome,3,Sao Tome & Principe,Forastero,,,,
Britarev,Ecuador,1638,2015,70,Russia,3.25,Ecuador,,,,,
Loiza,Puerto Rico,1049,2013,65,Puerto Rico,2.5,Puerto Rico,,,,,
Forteza (Cortes),Puerto Rico,1776,2016,80,Puerto Rico,2.75,Domincan Republic,,,,,
Forteza (Cortes),Dominican Republic,1776,2016,70,Puerto Rico,2.75,Domincan Republic,,,,,
Cacao Arabuco,Puerto Rico,1606,2015,70,Puerto Rico,2.5,Puerto Rico,,,,,
Feitoria Cacao,Blue Mountain,1732,2016,76,Portugal,3,Jamaica,,,,,
Feitoria Cacao,Maya Mountain,1736,2016,76,Portugal,2.75,Belize,Trinitario,,,,
Feitoria Cacao,Cuyagua,1736,2016,76,Portugal,2.5,Venezuela,,,,,
Manufaktura Czekolady,Kolumbia,1279,2014,85,Poland,3.5,Colombia,,,,,
Manufaktura Czekolady,Porcelana,1255,2014,70,Poland,3.75,Venezuela,Criollo,,,,
Manufaktura Czekolady,Grand Cru Ghana,871,2012,70,Poland,3.5,Ghana,Forastero,,,,
Manufaktura Czekolady,Grand Cru Ecuador,875,2012,70,Poland,3.25,Ecuador,,,,,
Manufaktura Czekolady,Grand Cru Dominican Republic,871,2012,70,Poland,3.25,Dominican Republic,,,,,
Raw Cocoa,Raw,867,2012,70,Poland,2.5,,Criollo,,,,
Manufaktura Czekolady,Johe,1844,2016,70,Poland,3.75,Nicaragua,,,,,
Manufaktura Czekolady,Peru,1848,2016,70,Poland,3.5,Peru,,,,,
Cacaosuyo (Theobroma Inversiones),Piura,1173,2013,70,Peru,3.25,Peru,,,,,
Pascha,Peru,1137,2013,70,Peru,2.75,Peru,,,,,
Orquidea,Peru,859,2012,72,Peru,3,Peru,,,,,
Pascha,Peru,1137,2013,55,Peru,2.5,Peru,,,,,
Orquidea,Peru,859,2012,65,Peru,3,Peru,,,,,
Machu Picchu Trading Co.,Peru,552,2010,55,Peru,2.25,Peru,,,,,
La Oroquidea,Peruvian Amazon,721,2011,72,Peru,2.5,Peru,,,,,
Machu Picchu Trading Co.,Peru,721,2011,70,Peru,1.5,Peru,,,,,
Shattell,Porcelana,757,2011,75,Peru,3.5,Peru,Criollo,,,,
Momotombo,Matagalpa,661,2011,70,Nicaragua,2.75,Nicaragua,,,,,
Momotombo,Oscuro,772,2011,70,Nicaragua,3.25,Nicaragua,,,,,
Momotombo,Mombacho,661,2011,70,Nicaragua,2.75,Nicaragua,,,,,
Captain Pembleton,Kulili Estate,1263,2014,70,New Zealand,3.75,Papua New Guinea,,,,,
Solomons Gold,Solomon Island,1792,2016,70,New Zealand,3.25,Solomon Islands,,,,,
Hogarth,Conacado,1712,2016,75,New Zealand,3.25,Domincan Republic,Trinitario,,,,
Wellington Chocolate Factory,Conacado,1756,2016,70,New Zealand,3.5,Dominican Republic,Trinitario,,,,
Ocho,Sang Yum Coop,1760,2016,100,New Zealand,2.75,Samoa,,,,,
Whittakers,Ghana,733,2011,72,New Zealand,2.5,Ghana,Forastero,,,,
Hogarth,Gran Blanco,1712,2016,66,New Zealand,3.5,Peru,Criollo,,,,
Hogarth,Akesson's Estate,1712,2016,70,New Zealand,2.75,Madagascar,Trinitario,,,,
Ocho,Sang Yum Coop,1760,2016,70,New Zealand,3.5,Samoa,,,,,
Hogarth,Carenero Superior,1712,2016,72,New Zealand,2.75,Venezuela,Trinitario,,,,
Solomons Gold,Solomon Island w/ nibs,1796,2016,75,New Zealand,3.25,Solomon Islands,,,,,
Ah Cacao,Tabasco,316,2009,70,Mexico,3,Mexico,Criollo,,,,
Ki' Xocolatl,Dark,431,2009,72,Mexico,2,Mexico,,,,,
Chokolat Elot (Girard),Guadeloupe,1149,2013,42,Martinique,2.75,Martinique,,,,,
Vao Vao (Chocolaterie Robert),Madagascar,404,2009,72,Madagascar,2.75,Madagascar,Trinitario,,,,
Vao Vao (Chocolaterie Robert),Madagascar,404,2009,80,Madagascar,2.75,Madagascar,Trinitario,,,,
Madecasse (Cinagra),Madagascar,284,2008,70,Madagascar,3.75,Madagascar,Trinitario,,,,
Menakao (aka Cinagra),Madagascar,837,2012,80,Madagascar,2.5,Madagascar,Trinitario,,,,
Vao Vao (Chocolaterie Robert),Madagascar,404,2009,64,Madagascar,3.25,Madagascar,Trinitario,,,,
Madecasse (Cinagra),Madagascar,284,2008,67,Madagascar,3.5,Madagascar,Trinitario,,,,
Vao Vao (Chocolaterie Robert),Madagascar,404,2009,70,Madagascar,3,Madagascar,Trinitario,,,,
Madecasse (Cinagra),Madagascar,288,2008,75,Madagascar,3.5,Madagascar,Trinitario,,,,
Menakao (aka Cinagra),Madagascar,841,2012,72,Madagascar,2.5,Madagascar,Trinitario,,,,
Robert (aka Chocolaterie Robert),Madagascar,1061,2013,75,Madagascar,3.25,Madagascar,Trinitario,,,,
Malagasy (Chocolaterie Robert),Mora Mora 2006,184,2007,73,Madagascar,3.5,Madagascar,Trinitario,,,,
Malagasy (Chocolaterie Robert),Sambirano 2006,184,2007,75,Madagascar,2.75,Madagascar,Trinitario,,,,
Vao Vao (Chocolaterie Robert),Madagascar,404,2009,76,Madagascar,2.75,Madagascar,Trinitario,,,,
Robert (aka Chocolaterie Robert),Madagascar w/ nibs,1061,2013,68,Madagascar,3.25,Madagascar,Trinitario,,,,
Madecasse (Cinagra),Madagascar,284,2008,63,Madagascar,4,Madagascar,Trinitario,,,,
Vao Vao (Chocolaterie Robert),Madagascar w/ nibs,404,2009,68,Madagascar,3,Madagascar,Trinitario,,,,
Na�ve,Barinas,1399,2014,70,Lithuania,3,Venezuela,,,,,
Naive,Trinidad & Tobago,1046,2013,70,Lithuania,3.75,Trinidad,,,,,
Na�ve,Nicaragua,1379,2014,70,Lithuania,3.25,Nicaragua,Criollo,,,,
Naive,Chuao,1399,2014,75,Lithuania,2.75,Venezuela,Trinitario,,,,
Naive,Grenada,867,2012,71,Lithuania,2.5,Grenada,Trinitario,,,,
Tablette (aka Vanillabeans),Papua,1450,2015,62,Japan,3.25,Papua New Guinea,,,,,
Tablette (aka Vanillabeans),Vietnam,1450,2015,60,Japan,3.25,Vietnam,Trinitario,,,,
Cacao Store,Madagascar,1684,2015,70,Japan,3,Madagascar,Trinitario,,,,
ChocoReko,Patanemo,1454,2015,77,Japan,3,Venezuela,Criollo,,,,
Emily's,Peru,1454,2015,78,Japan,3.5,Peru,Criollo,,,,
Tablette (aka Vanillabeans),Colombia,1450,2015,70,Japan,3,Colombia,,,,,
Cacao Store,Peru,1684,2015,70,Japan,3.25,Peru,,,,,
Emily's,Patanemo,1450,2015,79,Japan,3,Venezuela,,,,,
Cacao Store,Vietnam,1684,2015,70,Japan,3.5,Vietnam,Trinitario,,,,
Tablette (aka Vanillabeans),Trinidad,1680,2015,77,Japan,2.75,Trinidad,Trinitario,,,,
Amedei,Ecuador,123,2007,70,Italy,3,Ecuador,Trinitario,,,,
S.A.I.D.,Samana,615,2010,70,Italy,3,Dominican Republic,,,,,
Maglio,Ecuador,308,2008,70,Italy,3,Ecuador,Forastero (Nacional),,,,
C-Amaro,Venezuela,809,2012,80,Italy,3,Venezuela,,,,,
Domori,Sur del Lago Classificado,87,2006,70,Italy,3,Venezuela,Trinitario,,,,
S.A.I.D.,Arawak,615,2010,72,Italy,3.5,Carribean,,,,,
Domori,Madagared,192,2007,70,Italy,3.5,Madagascar,Criollo,,,,
Guido Castagna,Blend,355,2009,64,Italy,3.25,Ven,,,,,
Maglio,Africa,300,2008,75,Italy,2,Tanzania,,,,,
Domori,Guasare,863,2012,70,Italy,3.75,Venezuela,,,,,
Maglio,Santo Domingo,308,2008,70,Italy,3.75,Dominican Republic,Blend-Forastero,,,,
Domori,Ecuador,192,2007,70,Italy,4,Ecuador,Forastero (Arriba),,,,
Amedei,Madagascar,123,2007,70,Italy,4,Madagascar,Trinitario (85% Criollo),,,,
S.A.I.D.,100 percent,615,2010,100,Italy,1.5,,,,,,
Amedei,Chuao,111,2007,70,Italy,5,Venezuela,Trinitario,,,,
Amedei,Nine,111,2007,75,Italy,4,,Blend,,,,
Amedei,Grenada,123,2007,70,Italy,3.5,Grenada,Trinitario,,,,
C-Amaro,Trinidad,765,2011,70,Italy,2.5,Trinidad,Trinitario,,,,
Domori,Morogoro,863,2012,70,Italy,3.5,Tanzania,,,,,
Guido Castagna,Ghana,355,2009,64,Italy,3,Ghana,Forastero,,,,
Silvio Bessone,Maya Belize,717,2011,67,Italy,3,Belize,Criollo,,,,
Domori,Madagascar,135,2007,70,Italy,3.5,Madagascar,Trinitario,,,,
Amedei,Jamaica,123,2007,70,Italy,3,Jamaica,Trinitario,,,,
Domori,Granella,135,2007,60,Italy,3.25,Venezuela,Trinitario,,,,
Majani,Ecuador,531,2010,70,Italy,2,Ecuador,,,,,
C-Amaro,Cuba,1442,2014,75,Italy,2.5,Cuba,,,,,
C-Amaro,Ecuador,1185,2013,100,Italy,3.5,Ecuador,,,,,
Guido Castagna,Lacri Blend,355,2009,76,Italy,3,Venezuela,,,,,
Amedei,Porcelana,111,2007,70,Italy,4,Venezuela,Criollo (Porcelana),,,,
C-Amaro,Sao Tome,749,2011,78,Italy,2.25,Sao Tome,Forastero,,,,
Domori,Carenero Superior,87,2006,70,Italy,3.5,Venezuela,Trinitario,,,,
Amedei,Toscano Black,40,2006,70,Italy,5,,Blend,,,,
Domori,Ilblend,272,2008,70,Italy,3.75,,Blend,,,,
Pura Delizia,Venezuela,931,2012,73,Italy,2.75,Venezuela,,,,,
C-Amaro,Dominican Republic,1442,2014,72,Italy,3,Dominican Republic,,,,,
Domori,Teyuna,272,2008,70,Italy,3,Colombia,,,,,
Domori,Porcelana,111,2007,70,Italy,4,Venezuela,Criollo (Porcelana),,,,
Domori,Apurimac,87,2006,70,Italy,3.25,Peru,Trinitario,,,,
S.A.I.D.,Malgascio,607,2010,64,Italy,3.5,Madagascar,Trinitario,,,,
S.A.I.D.,Latino,615,2010,72,Italy,3.5,,,,,,
Amedei,Venezuela,123,2007,70,Italy,3.75,Venezuela,Trinitario (85% Criollo),,,,
Amedei,Toscano Black,170,2007,63,Italy,3.5,,Blend,,,,
Amedei,Toscano Black,75,2006,66,Italy,4,,Blend,,,,
Guido Castagna,Arriba,355,2009,64,Italy,3,Ecuador,Forastero (Arriba) ASS,,,,
Domori,Blend No. 1,272,2008,78,Italy,3.5,,Blend,,,,
Guido Castagna,Trinidad & Tobago,355,2009,64,Italy,3,Trinidad,,,,,
Domori,Ocumare 77,1672,2015,70,Italy,3.75,Venezuela,Criollo (Ocumare 77),,,,
Maglio,Cuba,308,2008,70,Italy,3.25,Cuba,Criollo,,,,
Amedei,Trinidad,129,2007,70,Italy,3.5,Trinidad,Trinitario,,,,
Domori,Hacienda Victoria,1672,2015,70,Italy,3.75,Ecuador,,,,,
Holy Cacao,San Martin,431,2009,70,Israel,3.5,Peru,,,,,
Holy Cacao,Gran Couva,1466,2015,70,Israel,3.5,Trinidad,Trinitario,,,,
Holy Cacao,Mara,1466,2015,70,Israel,3.5,Venezuela,,,,,
Holy Cacao,Sambirano,1466,2015,70,Israel,3.5,Madagascar,Trinitario,,,,
Holy Cacao,Hispaniola w/ nibs,431,2009,75,Israel,3.75,Dominican Republic,,,,,
Holy Cacao,Hispaniola,431,2009,70,Israel,2.75,Dominican Republic,,,,,
Holy Cacao,Ivory Coast,431,2009,70,Israel,2.5,Ivory Coast,,,,,
Wilkie's Organic,Amazonas,1169,2013,89,Ireland,2.75,Peru,Criollo,,,,
Wilkie's Organic,Amazonas,1169,2013,75,Ireland,2.5,Peru,Criollo,,,,
Wilkie's Organic,Tumbes,1169,2013,75,Ireland,3.25,Peru,Criollo,,,,
Wilkie's Organic,Amazonas w/ nibs,1173,2013,75,Ireland,2.75,Peru,Criollo,,,,
Indah,India (south),1788,2016,61,India,2.5,India,,,,,
Omnom,Papua New Guinea,1247,2014,70,Iceland,3,Papua New Guinea,,,,,
Omnom,Madagascar,1247,2014,66,Iceland,3.5,Madagascar,Trinitario,,,,
Rozsavolgyi,Carenero Superior,713,2011,73,Hungary,3.5,Venezuela,Criollo,,,,
Szanto Tibor,Santo Domingo,939,2012,70,Hungary,3.25,Dominican Republic,,,,,
Rozsavolgyi,Sur del Lago,809,2012,84,Hungary,2.5,Venezuela,,,,,
Szanto Tibor,Millot Plantation,939,2012,70,Hungary,3.25,Madagascar,,,,,
Rozsavolgyi,Principe,765,2011,77,Hungary,2.75,Principe,Forastero,,,,
Szanto Tibor,Ambolikapiky,1704,2015,70,Hungary,3.25,Madagascar,Trinitario,,,,
Szanto Tibor,Porcelana,1263,2014,70,Hungary,3.5,Venezuela,Criollo,,,,
Szanto Tibor,Cacao Blanco,1193,2013,70,Hungary,3.25,Nicaragua,,,,,
Szanto Tibor,Baracoa,1263,2014,70,Hungary,3.75,Cuba,Trinitario,,,,
Rozsavolgyi,Porcelana,717,2011,71,Hungary,2.5,Venezuela,,,,,
Szanto Tibor,Crudo,761,2011,70,Hungary,3,Venezuela,,,,,
Szanto Tibor,Baracoa,1704,2015,88,Hungary,3.25,Cuba,Trinitario,,,,
Szanto Tibor,Nacional,1668,2015,70,Hungary,3.25,Ecuador,,,,,
Mesocacao,El Salvador,1494,2015,70,Honduras,3,El Salvador,,,,,
Mesocacao,El Salvador,1494,2015,80,Honduras,2.75,El Salvador,,,,,
Mesocacao,Honduras,1347,2014,70,Honduras,3.5,Honduras,,,,,
Mesocacao,Honduras,1347,2014,80,Honduras,3.25,Honduras,,,,,
Danta,Sambirano,987,2012,70,Guatemala,3.75,Madagascar,Trinitario,,,,
Danta,Los Ujuxtes,987,2012,70,Guatemala,3.75,Guatemala,,,,,
Danta,Chuao,987,2012,75,Guatemala,3,Venezuela,Trinitario,,,,
Danta,Los Ujuxtes,661,2011,60,Guatemala,3.5,Guatemala,,,,,
Danta,Las Acacias E.,423,2009,75,Guatemala,3,Guatemala,Criollo,,,,
Danta,Las Acacias E.,987,2012,70,Guatemala,4,Guatemala,Criollo,,,,
Rain Republic,Suchitepequez E.,470,2010,70,Guatemala,2.75,Guatemala,,,,,
Danta,Los Ujuxtes,1223,2014,82,Guatemala,3.25,Guatemala,,,,,
Danta,Las Acacias E.,423,2009,60,Guatemala,3.25,Guatemala,Criollo,,,,
Grenada Chocolate Co.,Grenada,494,2010,82,Grenada,3.25,Grenada,Trinitario,,,,
Grenada Chocolate Co.,Grenada,363,2009,60,Grenada,2.75,Grenada,Trinitario,,,,
Grenada Chocolate Co.,Grenada,241,2008,71,Grenada,2.5,Grenada,Trinitario,,,,
Omanhene,Ghana,693,2011,80,Ghana,2.75,Ghana,Forastero,,,,
Kakao,Peru,837,2012,64,Germany,2.5,Peru,,,,,
Belyzium,Belize south,1768,2016,83,Germany,3.5,Belize,Trinitario,,,,
Hachez,Arriba,166,2007,77,Germany,2.5,Ecuador,Forastero (Arriba),,,,
Georgia Ramon,Conacado Coop,1646,2015,80,Germany,3.5,Domincan Republic,Trinitario,,,,
Belyzium,Belize south,1768,2016,78,Germany,3,Belize,Trinitario,,,,
Choco Del Sol,Maya Mountain w/ nibs,1407,2014,75,Germany,3,Belize,Trinitario,,,,
Choco Del Sol,Maya Mountain,1407,2014,82,Germany,3.25,Belize,Trinitario,,,,
Coppeneur,Grenada,470,2010,72,Germany,3.25,Grenada,Trinitario,,,,
Coppeneur,Ocumare 61,558,2010,72,Germany,3.25,Venezuela,Criollo (Ocumare 61),,,,
Coppeneur,Madagascar,959,2012,70,Germany,3.5,Madagascar,Trinitario,,,,
Coppeneur,Trinidad,558,2010,72,Germany,3,Trinidad,Trinitario,,,,
Georgia Ramon,ABOCFA Coop,1642,2015,70,Germany,4,Ghana,Forastero,,,,
Georgia Ramon,Akesson P.,1642,2015,65,Germany,3.25,Madagascar,Trinitario,,,,
Coppeneur,Ghana Puristique,813,2012,85,Germany,3.5,Ghana,Forastero,,,,
Coppeneur,Chuao 70hr,451,2009,70,Germany,3.75,Venezuela,Criollo,,,,
Coppeneur,Chuao 100hr,451,2009,70,Germany,3.5,Venezuela,Criollo,,,,
Coppeneur,Chuao,478,2010,70,Germany,3,Venezuela,Trinitario,,,,
Georgia Ramon,Conacado Coop,1646,2015,70,Germany,3.5,Domincan Republic,Trinitario,,,,
Coppeneur,Uba Budo,821,2012,72,Germany,3.75,Sao Tome & Principe,Forastero,,,,
Georgia Ramon,Akesson P.,1646,2015,75,Germany,3.5,Madagascar,Trinitario,,,,
Coppeneur,Ecuador Puristique,817,2012,100,Germany,1.5,Ecuador,,,,,
Coppeneur,Jamaica,558,2010,72,Germany,3.25,Jamaica,Trinitario,,,,
Kakao,Vanuatu,387,2009,65,Germany,3.75,Vanuatu,Trinitario,,,,
A. Morin,Panama,1011,2013,70,France,2.75,Panama,,,,,
Valrhona,Le Noir Extra Amer,147,2007,85,France,1.5,,,,,,
Bonnat,Gabon,1042,2013,75,France,3.25,Gabon,,,,,
Bonnat,Equateur,123,2007,75,France,2.5,Ecuador,Forastero (Arriba),,,,
Durand,Madagascar,841,2012,82,France,2.75,Madagascar,Trinitario,,,,
Erithaj (A. Morin),Ham Luong,1209,2014,80,France,3,Vietnam,Trinitario,,,,
A. Morin,Brazil,1011,2013,70,France,3.25,Brazil,,,,,
Alain Ducasse,Vietnam,1215,2014,75,France,2.75,Vietnam,Trinitario,,,,
Bonnat,One Hundred,81,2006,100,France,1.5,,,,,,
La Maison du Chocolat (Valrhona),Kuruba,439,2009,60,France,3,,,,,,
Michel Cluizel,Noir Infini,81,2006,99,France,2,,,,,,
Pralus,Cuyagua,451,2009,75,France,2,Venezuela,,,,,
Pralus,Colombie,40,2006,75,France,3.5,Colombia,Trinitario,,,,
A. Morin,Akata,1680,2015,70,France,3.5,Togo,,,,,
A. Morin,Pablino,1319,2014,70,France,4,Peru,,,,,
A. Morin,Chanchamayo Province,1019,2013,63,France,4,Peru,,,,,
A. Morin,Chanchamayo Province,1019,2013,70,France,3.5,Peru,,,,,
La Maison du Chocolat (Valrhona),Orinoco,445,2009,60,France,3.75,,,,,,
Erithaj (A. Morin),Ba Lai,1209,2014,74,France,3.25,Vietnam,Trinitario,,,,
Pralus,Ghana,40,2006,75,France,3.25,Ghana,Forastero,,,,
Debauve & Gallais (Michel Cluizel),Papua New Guinea,423,2009,64,France,3,Papua New Guinea,,,,,
A. Morin,Puerto Cabello,1319,2014,70,France,3.75,Venezuela,Criollo,,,,
Alain Ducasse,Madagascar,1215,2014,75,France,3,Madagascar,Trinitario,,,,
Kaoka (Cemoi),Ecuador,423,2009,80,France,2.75,Ecuador,,,,,
Michel Cluizel,Carre Amer,24,2006,60,France,2,,,,,,
Pralus,Trinidad,5,2006,75,France,3.5,Trinidad,Trinitario,,,,
Valrhona,Caraibe,63,2006,66,France,3,Carribean,Trinitario,,,,
A. Morin,Piura,1019,2013,70,France,3.25,Peru,,,,,
Bonnat,Haiti,629,2011,75,France,4,Haiti,,,,,
La Maison du Chocolat (Valrhona),Tobago,1145,2013,60,France,3.25,Tobago,,,,,
Pralus,Dominican Republic-Organic,280,2008,75,France,2,Dominican Republic,,,,,
Pralus,Cuba,99,2006,75,France,3,Cuba,Trinitario,,,,
Debauve & Gallais (Michel Cluizel),Venezuela,263,2008,66,France,3.75,Venezuela,,,,,
Pralus,Chuao,486,2010,75,France,3.5,Venezuela,Trinitario,,,,
Valrhona,Gran Couva 2005 P.,75,2006,64,France,2.5,Trinidad,Trinitario,,,,
A. Morin,Carenero,1315,2014,70,France,2.75,Venezuela,Criollo,,,,
Ara,Chiapas,1379,2014,72,France,2.5,Mexico,,,,,
Bonnat,Cuba,629,2011,75,France,3.5,Cuba,Trinitario,,,,
Cacao Barry,Venezuela,141,2007,72,France,2,Venezuela,,,,,
Chloe Chocolat,Blend No. 1,672,2011,70,France,3.5,,,,,,
Erithaj (A. Morin),Ben Tre,1205,2014,70,France,3.25,Vietnam,Trinitario,,,,
Michel Cluizel,Carre Grand Noir,24,2006,85,France,2,,,,,,
Pralus,Jamaique,32,2006,75,France,4,Jamaica,Trinitario,,,,
Valrhona,Manjari,129,2007,64,France,4,Madagascar,Criollo,,,,
Michel Cluizel,Vila Gracinda,135,2007,67,France,3.5,Sao Tome,Forastero,,,,
A. Morin,Papua New Guinea,1015,2013,70,France,3.25,Papua New Guinea,,,,,
La Maison du Chocolat (Valrhona),Grenada,741,2011,68,France,3.5,Grenada,Trinitario,,,,
Laia aka Chat-Noir,Cuba,1434,2014,70,France,2.75,Cuba,,,,,
Valrhona,Caraque,709,2011,56,France,3.25,,,,,,
Valrhona,Alpaco,370,2009,66,France,3.75,Ecuador,,,,,
Valrhona,Nyangbo,395,2009,68,France,3.5,Ghana,Forastero,,,,
Valrhona,Chuao 2002 P.,129,2007,65,France,3.75,Venezuela,Trinitario,,,,
A. Morin,Bolivia,797,2012,70,France,3.5,Bolivia,,,,,
Bonnat,Surfin,1418,2014,65,France,3.75,Venez,,,,,
Bonnat,Ceylan,81,2006,75,France,3,Sri Lanka,,,,,
Pralus,Peru,1446,2015,75,France,3.25,Peru,,,,,
Pralus,Fortissima,93,2006,80,France,4,Ecuador,Criollo,,,,
A. Morin,Chuao,1015,2013,70,France,4,Venezuela,Trinitario,,,,
Bonnat,Ivory Coast,331,2009,75,France,3,Ivory Coast,,,,,
A. Morin,Atsane,1676,2015,70,France,3,Togo,,,,,
A. Morin,Equateur,1011,2013,70,France,3.75,Ecuador,,,,,
Ara,Trincheras,1379,2014,75,France,3,Venezuela,,,,,
Michel Cluizel,Mangaro P.,24,2006,65,France,4,Madagascar,Trinitario,,,,
A. Morin,Cuba,1315,2014,70,France,3.5,Cuba,,,,,
A. Morin,Colombie,1015,2013,70,France,2.75,Colombia,,,,,
Bonnat,Maragnam,1038,2013,75,France,3.5,Brazil,,,,,
Valrhona,Abinao,153,2007,85,France,2.5,West Africa,Forastero,,,,
Alain Ducasse,Chuao,1061,2013,75,France,2.5,Venezuela,Trinitario,,,,
Cacao Barry,Tanzania,300,2008,75,France,2,Tanzania,,,,,
A. Morin,Kpime,1676,2015,70,France,2.75,Togo,,,,,
Bonnat,Piura Blanco,629,2011,75,France,3.5,Peru,Forastero (Nacional),,,,
Bonnat,Chuao,81,2006,75,France,4,Venezuela,Trinitario,,,,
Michel Cluizel,Los Ancones P.,24,2006,67,France,4,Dominican Republic,,,,,
Valrhona,Guanaja,63,2006,70,France,4,South America,Criollo,,,,
Bonnat,Libanio,629,2011,75,France,3.75,Brazil,,,,,
Bonnat,Juliana,672,2011,75,France,3.5,Brazil,,,,,
Bonnat,Jamaique,761,2011,75,France,3.25,Jamaica,Trinitario,,,,
Pralus,Vanuatu,40,2006,75,France,3,Vanuatu,Trinitario,,,,
Santome,Sao Tome,761,2011,70,France,2.75,Sao Tome,Forastero,,,,
Bonnat,Madagascar,75,2006,75,France,4,Madagascar,Trinitario,,,,
La Maison du Chocolat (Valrhona),Akosombo,346,2009,68,France,3.25,Ghana,Forastero,,,,
Laia aka Chat-Noir,Trinidad-Tobago,1438,2014,68,France,2.75,Trinidad-Tobago,,,,,
Valrhona,Araguani,117,2007,72,France,3,Venezuela,,,,,
A. Morin,Peru,797,2012,63,France,3.75,Peru,,,,,
Alain Ducasse,Trinite,1215,2014,65,France,2.75,Trinidad,Trinitario,,,,
Cacao Barry,Mexico,147,2007,66,France,3,Mexico,,,,,
Michel Cluizel,Maralumi P.,24,2006,64,France,4,Papua New Guinea,,,,,
Valrhona,Le Noir Amer,157,2007,71,France,2.75,West Africa,Forastero,,,,
A. Morin,Quilla,1704,2015,70,France,3.5,Peru,,,,,
Ara,Madagascar,1375,2014,75,France,3,Madagascar,Trinitario,,,,
Bonnat,Kaori,1339,2014,75,France,4,Brazil,,,,,
Bonnat,Trinite,24,2006,75,France,3.75,Carribean,Trinitario,,,,
Cacao Barry,Santo Domingo,586,2010,70,France,3,Dominican Republic,,,,,
Pralus,Tanzania,105,2006,75,France,3.5,Tanzania,Criollo,,,,
A. Morin,Birmanie,1015,2013,70,France,3,Burma,,,,,
La Maison du Chocolat (Valrhona),Loma Sotavento,891,2012,66,France,3.5,Dominican Republic,,,,,
Valrhona,Tainori,327,2009,64,France,3.75,Dominican Republic,,,,,
Bernachon,Nature,797,2012,55,France,2.75,,,,,,
A. Morin,Madagascar,1011,2013,70,France,3,Madagascar,Criollo,,,,
Ara,Equateur,1379,2014,75,France,2.75,Ecuador,,,,,
Kaoka (Cemoi),Noir,404,2009,70,France,2.75,,,,,,
Pralus,Claudio Corallo w/ nibs,162,2007,75,France,4,Sao Tome,Forastero,,,,
Un Dimanche A Paris,Dominican Republic,709,2011,63,France,3.75,Dominican Republic,,,,,
Pralus,Equateur,40,2006,75,France,3,Ecuador,Trinitario,,,,
A. Morin,Sur del Lago,1315,2014,70,France,3.5,Venezuela,Criollo,,,,
Cacao Barry,Grand 'Anse,1716,2016,65,France,3.5,Haiti,Trinitario,,,,
Cemoi,Equateur,404,2009,72,France,2.75,Ecuador,,,,,
Michel Cluizel,Tamarina,24,2006,70,France,3,Sao Tome,Forastero,,,,
Pralus,Papouasie,199,2008,75,France,3,Papua New Guinea,Trinitario,,,,
Pralus,Sao Tome & Principe,5,2006,75,France,3.5,Sao Tome & Principe,Forastero,,,,
Levy,Sambirano,1231,2014,71,Finland,3.5,Madagascar,Criollo,,,,
Lilla,Madagascar,1856,2016,70,Finland,3,Madagascar,Trinitario,,,,
Adi,Vanua Levu,705,2011,60,Fiji,2.75,Fiji,Trinitario,,,,
Adi,Vanua Levu,705,2011,88,Fiji,3.5,Fiji,Trinitario,,,,
Rancho San Jacinto,Ecuador,565,2010,75,Eucador,3,Ecuador,Forastero(Arriba,,,,
Cacaoyere (Ecuatoriana),Pichincha,259,2008,91,Ecuador,1.5,Ecuador,Forastero (Arriba),,,,
Montecristi,Manabi,1658,2015,85,Ecuador,3.5,Ecuador,,,,,
Republica del Cacao (aka Confecta),Manabi,147,2007,75,Ecuador,3,Ecuador,Forastero (Arriba),,,,
Caoni (Tulicorp),Esmeraldas,269,2008,55,Ecuador,3.5,Ecuador,Forastero (Arriba),,,,
Pacari,Montubia,1415,2014,70,Ecuador,3.75,Ecuador,,,,,
Caoni (Tulicorp),Los Rios,269,2008,55,Ecuador,3.25,Ecuador,Forastero (Arriba),,,,
Chchukululu (Tulicorp),Los Rios,252,2008,75,Ecuador,3,Ecuador,Forastero (Arriba),,,,
Pacari,Manabi,224,2008,65,Ecuador,2.75,Ecuador,Forastero (Arriba),,,,
Republica del Cacao (aka Confecta),Esmeraldas,494,2010,75,Ecuador,3.25,Ecuador,,,,,
Cacaoyere (Ecuatoriana),Amazonia,237,2008,63,Ecuador,3.5,Ecuador,Forastero (Arriba),,,,
Cacaoyere (Ecuatoriana),Esmeraldas,237,2008,71,Ecuador,3.5,Ecuador,Forastero (Arriba),,,,
Hoja Verde (Tulicorp),Arriba,414,2009,80,Ecuador,2,Ecuador,Forastero (Arriba) ASS,,,,
Pacari,Raw,266,2008,70,Ecuador,3.5,Ecuador,Forastero (Arriba),,,,
Montecristi,Manabi,1654,2015,70,Ecuador,3.25,Ecuador,,,,,
Caoni (Tulicorp),Esmeraldas,237,2008,77,Ecuador,2,Ecuador,Forastero (Arriba),,,,
Pacari,Cumbia,1415,2014,70,Ecuador,3.5,Ecuador,,,,,
Hoja Verde (Tulicorp),Arriba,414,2009,72,Ecuador,3,Ecuador,Forastero (Arriba) ASS,,,,
Republica del Cacao (aka Confecta),El Oro,147,2007,67,Ecuador,3.5,Ecuador,Forastero (Arriba),,,,
Caoni (Tulicorp),Manabi,266,2008,55,Ecuador,3,Ecuador,Forastero (Arriba),,,,
Caoni (Tulicorp),Manabi,237,2008,77,Ecuador,2.5,Ecuador,Forastero (Arriba),,,,
Hoja Verde (Tulicorp),Arriba,414,2009,58,Ecuador,3.25,Ecuador,Forastero (Arriba) ASS,,,,
Kallari (Ecuatoriana),Sisa's Secret/ original micro,241,2008,70,Ecuador,3.5,Ecuador,,,,,
Pacari,Esmeraldas,224,2008,60,Ecuador,2.5,Ecuador,Forastero (Arriba),,,,
Hacienda El Castillo,Don Homero- Cerecita Valley,1327,2014,55,Ecuador,2.75,Ecuador,Trinitario,,,,
Hoja Verde (Tulicorp),Manabi,414,2009,58,Ecuador,3.5,Ecuador,Forastero (Arriba) ASS,,,,
Pacari,Tangara,1415,2014,70,Ecuador,4,Ecuador,,,,,
Pacari,Los Rios,224,2008,72,Ecuador,3,Ecuador,Forastero (Arriba),,,,
Kallari (Ecuatoriana),Roberto,245,2008,75,Ecuador,2.75,Ecuador,,,,,
Pacari,Nube- prototype,721,2011,70,Ecuador,3.5,Ecuador,,,,,
Kallari (Ecuatoriana),Diego 60hr/ W.F. blend prototype,248,2008,85,Ecuador,3,Ecuador,,,,,
La Pepa de Oro,Vinces,713,2011,60,Ecuador,3.25,Ecuador,,,,,
Hacienda El Castillo,Don Homero- Cerecita Valley,1327,2014,70,Ecuador,3,Ecuador,Trinitario,,,,
Kallari (Ecuatoriana),Cacao Nacional W.F.,269,2008,85,Ecuador,3,Ecuador,,,,,
Pacari,Raw,266,2008,100,Ecuador,2,Ecuador,Forastero (Arriba),,,,
Kallari (Ecuatoriana),Cacao Nacional W.F.,263,2008,75,Ecuador,2.5,Ecuador,,,,,
Kallari (Ecuatoriana),Sisa 36hr/ W. F. blend prototype,241,2008,70,Ecuador,3,Ecuador,,,,,
Kallari (Ecuatoriana),Diego 48hr/ W.F. blend prototype,248,2008,85,Ecuador,2.75,Ecuador,,,,,
To'ak (Ecuatoriana),Manabi,1418,2014,81,Ecuador,3.25,Ecuador,Forastero (Nacional),,,,
Hoja Verde (Tulicorp),Manabi,414,2009,80,Ecuador,2.5,Ecuador,Forastero (Arriba) ASS,,,,
Republica del Cacao (aka Confecta),Los Rios,170,2007,75,Ecuador,3.75,Ecuador,Forastero (Arriba),,,,
Caoni (Tulicorp),Los Rios,245,2008,77,Ecuador,2.75,Ecuador,Forastero (Arriba),,,,
Chchukululu (Tulicorp),Arriba,486,2010,55,Ecuador,2.75,Ecuador,Forastero (Arriba),,,,
Montecristi,Manabi,1654,2015,63,Ecuador,3.5,Ecuador,,,,,
Pacari,Piura,863,2012,70,Ecuador,4,Peru,,,,,
Kallari (Ecuatoriana),Diego/ original micro,248,2008,85,Ecuador,2.5,Ecuador,,,,,
Pacari,Garaua,1415,2014,70,Ecuador,3.25,Ecuador,,,,,
Cacaoyere (Ecuatoriana),Bolivar,245,2008,82,Ecuador,2.5,Ecuador,Forastero (Arriba),,,,
Xocolat,Hispaniola,1057,2013,66,Domincan Republic,3,Dominican Republic,,,,,
Friis Holm (Bonnat),La Dalia,1680,2015,85,Denmark,3.25,Nicaragua,,,,,
Friis Holm (Bonnat),La Dalia,1259,2014,70,Denmark,3.5,Nicaragua,,,,,
Summerbird,Peru,1800,2016,71,Denmark,3,Peru,Criollo,,,,
Summerbird,Peru,1800,2016,61,Denmark,2.5,Peru,Criollo,,,,
Friis Holm (Bonnat),La Dalia,1680,2015,60,Denmark,3,Nicaragua,,,,,
Jordis,Madagascar,1534,2015,63,Czechoslovakia,2.75,Madagascar,Trinitario,,,,
Caribeans,Anselmo Paraiso Estate,1586,2015,72,Costa Rica,3.5,Costa Rica,,,,,
Sibu,Oscuro,1586,2015,70,Costa Rica,3.5,Costa Rica,,,,,
Caribeans,Costa Rica,841,2012,72,Costa Rica,3,Costa Rica,Forastero,,,,
Caribeans,Costa Rica,845,2012,80,Costa Rica,2.75,Costa Rica,Forastero,,,,
Sibu,Oro,1586,2015,82,Costa Rica,3.25,Costa Rica,,,,,
Cacao Hunters,Arhuacos,1662,2015,72,Colombia,3.75,Colombia,,,,,
Manifesto Cacao,Colombia,1331,2014,70,Colombia,2.75,Colombia,,,,,
Cacao Hunters,Tumaco,1430,2014,70,Colombia,3.5,Colombia,,,,,
Luker,Santander,552,2010,65,Colombia,3.5,Colombia,,,,,
Luker,Misterio,552,2010,58,Colombia,3,Colombia,,,,,
Santander,Colombian,32,2006,65,Colombia,3,Colombia,Forastero (Nacional),,,,
Cacao Hunters,Sierra Nevada,1430,2014,64,Colombia,3.5,Colombia,,,,,
Santander,Colombian Dark,32,2006,70,Colombia,4,Colombia,Forastero (Nacional),,,,
Luker,Selva,552,2010,46,Colombia,2.75,Colombia,,,,,
Mita,Tumaco,955,2012,65,Colombia,2.5,Colombia,,,,,
Cacao Hunters,Perla Negra,1816,2016,74,Colombia,3.75,Colombia,,,,,
Santander,Colombian w/ nibs,414,2009,70,Colombia,3,Colombia,Forastero (Nacional),,,,
Cacao Hunters,Arauca,1434,2014,70,Colombia,3.25,Colombia,,,,,
Luker,Macondo,552,2010,60,Colombia,3,Colombia,,,,,
Cacao Hunters,Macondo,1816,2016,71,Colombia,3.75,Colombia,,,,,
Santander,Colombian 2008,404,2009,75,Colombia,2.75,Colombia,Forastero (Nacional),,,,
Santander,Colombian Semi Dark,32,2006,53,Colombia,2,Colombia,Forastero (Nacional),,,,
Obolo,Pangoa,1638,2015,70,Chile,3.75,Peru,Criollo,,,,
Habitual,Downtown London,1201,2014,65,Canada,2.75,,,,,,
Hummingbird,Bolivia,1307,2014,70,Canada,3,Bolivia,Criollo,,,,
Monarque,Oko Caribe,1812,2016,72,Canada,3.5,Dominican Republic,,,,,
Habitual,Dominican Republic,1197,2014,75,Canada,3.25,Dominican Republic,,,,,
Olivia,Carribean,688,2011,85,Canada,2.75,Carribean,,,,,
Soma,Java,1030,2013,70,Canada,3.25,Indonesia,Criollo,,,,
Soma,Papua New Guinea,983,2012,85,Canada,3.5,Papua New Guinea,Trinitario,,,,
Soma,Carenero Superior,951,2012,70,Canada,3.75,Venezuela,Trinitario,,,,
East Van Roasters,Peru,1343,2014,70,Canada,3.25,Peru,,,,,
Ambrosia,Belize,1494,2015,64,Canada,3,Belize,Trinitario,,,,
Choklat,Brazilian,377,2009,70,Canada,3,Brazil,,,,,
Choklat,Ocumare,377,2009,80,Canada,2.5,Venezuela,Criollo,,,,
Soma,La Dalia,1307,2014,70,Canada,3.25,Nicaragua,Trinitario,,,,
Soma,Chef's Blend,1077,2013,70,Canada,3.25,,,,,,
Soma,Chuao,688,2011,70,Canada,3.5,Venezuela,Criollo,,,,
Olivia,Carribean-Raw,688,2011,76,Canada,2,Carribean,,,,,
organicfair,Mindo,1165,2013,72,Canada,3,Ecuador,Trinitario,,,,
Palette de Bine,Maya Mtn,1720,2016,72,Canada,3,Belize,Trinitario,,,,
Soma,Ocumare,387,2009,70,Canada,3.75,Venezuela,Criollo,,,,
Choklat,Brazilian,377,2009,80,Canada,3,Brazil,,,,,
East Van Roasters,Madagascar,1343,2014,70,Canada,3.5,Madagascar,Trinitario,,,,
Hummingbird,Lam Dong,1542,2015,70,Canada,3.5,Vietnam,Trinitario,,,,
Soma,CSB Chama,1594,2015,70,Canada,3.5,Venezuela,Criollo,,,,
Palette de Bine,Lachua,1720,2016,70,Canada,2.75,Guatemala,,,,,
Ambrosia,Peru,1498,2015,68,Canada,3.5,Peru,,,,,
Eau de Rose,Tumaco,1812,2016,70,Canada,3.25,Colombia,,,,,
Habitual,Campesino w/ nibs,1197,2014,74,Canada,2.75,,,,,,
Habitual,one hundred,1205,2014,100,Canada,2,,,,,,
Habitual,Sharkey,1201,2014,66,Canada,3.25,Hawaii,,,,,
Marigold's Finest,Cacao Nib Crunch,1808,2016,75,Canada,3.25,,,,,,
Sirene,Lachua w/ cane sugar,1614,2015,73,Canada,3,Guatemala,,,,,
Chocolats Privilege,Xoconusco,1219,2014,70,Canada,2.5,Mexico,Criollo,,,,
Chaleur B,Uganda,1426,2014,70,Canada,2.75,Uganda,Forastero,,,,
Eau de Rose,Arauca,1812,2016,70,Canada,3.25,Colombia,,,,,
organicfair,La Red,1165,2013,72,Canada,2.75,Dominican Republic,,,,,
Soma,Porcelana,1594,2015,75,Canada,4,Venezuela,,,,,
Olivia,Carribean-Raw,688,2011,85,Canada,3,Carribean,,,,,
Sirene,Kokoa Kamili Coop,1856,2016,73,Canada,3.5,Tanzania,,,,,
Soma,Orinoco,1173,2013,70,Canada,3.25,Venezuela,Forastero,,,,
Soma,Hispaniola,377,2009,70,Canada,3,Dominican Republic,Forastero,,,,
Soma,Madagascar,387,2009,70,Canada,3.75,Madagascar,Criollo,,,,
Ambrosia,Papua New Guinea,1498,2015,63,Canada,3.25,Papua New Guinea,,,,,
Hummingbird,Zorzal Reserva w/ Charles Kerchner,1387,2014,70,Canada,3.5,Dominican Republic,,,,,
Soma,Africa,377,2009,70,Canada,3.5,Ghana,Forastero,,,,
Habitual,Papua New Guinea,1197,2014,80,Canada,2.75,Papua New Guinea,,,,,
Palette de Bine,Duo- Gran Couva & Camino Verde,1399,2014,75,Canada,3.5,Trinidad,,,,,
Ambrosia,Madagascar,1494,2015,66,Canada,3.25,Madagascar,Trinitario,,,,
organicfair,Caribe,1165,2013,72,Canada,3,Dominican Republic,,,,,
Habitual,Amazonas,1201,2014,80,Canada,3,,,,,,
Hummingbird,Amazonas,1097,2013,70,Canada,3.75,Venezuela,Forastero,,,,
Sirene,Wild Bolivia,1788,2016,73,Canada,3.5,Bolivia,,,,,
Soma,Patanemo,1077,2013,70,Canada,3.75,Venezuela,Criollo,,,,
Soma,Peruvian,676,2011,64,Canada,4,Peru,,,,,
Olivia,Carribean,688,2011,76,Canada,2.75,Carribean,,,,,
Soma,Maranon Canyon,1259,2014,70,Canada,3.75,Peru,Forastero (Nacional),,,,
Soma,Black Science Blend 1,607,2010,70,Canada,3.75,DR,,,,,
Palette de Bine,Lam Dong,1574,2015,72,Canada,3.75,Vietnam,Trinitario,,,,
Soma,O'ahu,833,2012,70,Canada,3.75,Hawaii,,,,,
Soma,Papua New Guinea,387,2009,70,Canada,3.5,Papua New Guinea,Trinitario,,,,
Hummingbird,Hispaniola,1311,2014,70,Canada,3.75,Dominican Republic,Trinitario,,,,
Soma,Equator,1081,2013,67,Canada,4,Peru,,,,,
Habitual,Trinitario,1197,2014,70,Canada,3.5,,Trinitario,,,,
Hummingbird,Momotombo,1311,2014,70,Canada,3,Nicaragua,Trinitario,,,,
Soma,Cahabon Region,951,2012,70,Canada,3.5,Guatemala,Trinitario,,,,
Palette de Bine,Sambirano,1239,2014,78,Canada,3.75,Madagascar,Trinitario,,,,
Soma,Eastern Promises,967,2012,70,Canada,3.5,Mad.,,,,,
Soma,Conacado,387,2009,70,Canada,3,Dominican Republic,Trinitario,,,,
Palette de Bine,Kokoa Kamili,1574,2015,72,Canada,3.5,Tanzania,,,,,
Soma,Little Big Man,1339,2014,70,Canada,3.25,Madagascar & Ecuador,Blend,,,,
Ambrosia,Venezuela,1498,2015,70,Canada,3.25,Venezuela,,,,,
East Van Roasters,Dominican Republic,1343,2014,70,Canada,3.75,Dominican Republic,,,,,
Sirene,Pisa,1650,2015,73,Canada,3.25,Haiti,,,,,
Soma,Crazy 88,1077,2013,88,Canada,4,Guat.,,,,,
Soma,Noula Coop,817,2012,70,Canada,3.25,Haiti,,,,,
Habitual,Africa meets Latina,1201,2014,70,Canada,3,,,,,,
Ambrosia,Dominican Republic,1498,2015,75,Canada,3.25,Dominican Republic,,,,,
Choklat,Ocumare,377,2009,70,Canada,3,Venezuela,Criollo,,,,
organicfair,Maya Mountain,1161,2013,74,Canada,2.75,Belize,Trinitario,,,,
organicfair,Nicaraqua,1165,2013,72,Canada,2.75,Nicaragua,Trinitario,,,,
Palette de Bine,Gran Couva,1399,2014,70,Canada,3.75,Trinidad,Trinitario,,,,
Q Chocolate,Brazil,935,2012,60,Brazil,3,Brazil,,,,,
AMMA,Catongo,1065,2013,75,Brazil,3.25,Brazil,Forastero (Catongo),,,,
Q Chocolate,Brazil,935,2012,65,Brazil,3.25,Brazil,,,,,
Q Chocolate,Brazil,1057,2013,85,Brazil,3.5,Brazil,,,,,
Q Chocolate,Brazil,1069,2013,55,Brazil,2.75,Brazil,,,,,
Q Chocolate,Brazil,1057,2013,75,Brazil,3.25,Brazil,,,,,
Q Chocolate,Brazil,1069,2013,80,Brazil,3.25,Brazil,,,,,
Lajedo do Ouro,Catongo,927,2012,70,Brazil,3.5,Brazil,Forastero (Catongo),,,,
El Ceibo,Alto Beni,252,2008,71,Bolivia,2.75,Bolivia,,,,,
Pierre Marcolini,Chuao,478,2010,75,Belgium,3,Venezuela,Criollo,,,,
Callebaut,Grenade,296,2008,60,Belgium,2.75,Grenada,Trinitario,,,,
Frederic Blondeel,Madagascar,1351,2014,65,Belgium,3.5,Madagascar,Trinitario,,,,
Benoit Nihant,Rio Peripa H.,1141,2013,73,Belgium,4,Ecuador,Trinitario,,,,
Callebaut,Baking,141,2007,70,Belgium,1,Ecuador,,,,,
Dolfin (Belcolade),Africa,304,2008,88,Belgium,3,West Africa,Forastero,,,,
Benoit Nihant,Cuyagua Village,1141,2013,74,Belgium,3.5,Venezuela,Criollo,,,,
Neuhaus (Callebaut),Sao Tome,15,2006,75,Belgium,2.75,Sao Tome,Forastero,,,,
Benoit Nihant,Baracoa,1141,2013,74,Belgium,3.5,Cuba,Trinitario,,,,
Belcolade,Costa Rica,586,2010,64,Belgium,2.75,Costa Rica,,,,,
Dolfin (Belcolade),Noir,63,2006,70,Belgium,1.5,,,,,,
Frederic Blondeel,Peru Brutus,1538,2015,75,Belgium,3.5,Peru,,,,,
Frederic Blondeel,Ghana,1351,2014,60,Belgium,3.5,Ghana,Forastero,,,,
Neuhaus (Callebaut),Ocumare,24,2006,71,Belgium,3,Venezuela,Criollo,,,,
Neuhaus (Callebaut),West Africa,15,2006,73,Belgium,2,West Africa,Forastero,,,,
Neuhaus (Callebaut),Papua New Guinea,531,2010,70,Belgium,2.5,Papua New Guinea,Criollo,,,,
Neuhaus (Callebaut),Manickchand Estate,230,2008,67,Belgium,3.75,Trinidad,Trinitario,,,,
Cote d' Or (Kraft),Sensations Intense,48,2006,70,Belgium,1,,,,,,
Frederic Blondeel,Costa Rica,1538,2015,70,Belgium,3.5,Costa Rica,,,,,
Pierre Marcolini,Fleur de Cacao,166,2007,85,Belgium,3.5,Venezuela/ Ghana,Blend,,,,
Belcolade,Ecuador,586,2010,71,Belgium,3.5,Ecuador,,,,,
Belcolade,Papua New Guinea,586,2010,64,Belgium,2.75,Papua New Guinea,,,,,
Neuhaus (Callebaut),Dark,135,2007,73,Belgium,1,,,,,,
Frederic Blondeel,Vietnam,1542,2015,80,Belgium,3,Vietnam,Trinitario,,,,
Benoit Nihant,Chuao,1141,2013,74,Belgium,3.5,Venezuela,Criollo,,,,
Pierre Marcolini,Trinite,478,2010,75,Belgium,3.25,Trinidad,Trinitario,,,,
Belcolade,Peru,586,2010,64,Belgium,2.75,Peru,,,,,
Pierre Marcolini,Cabosse,111,2007,70,Belgium,4,Venezuela,,,,,
Zart Pralinen,San Juan Estate,1824,2016,85,Austria,2.75,Trinidad,Trinitario,,,,
Zotter,Raw,1205,2014,80,Austria,2.75,,,,,,
Zart Pralinen,UNOCACE,1824,2016,70,Austria,2.75,Ecuador,Nacional (Arriba),,,,
Zotter,El Ceibo Coop,879,2012,90,Austria,3.25,Bolivia,,,,,
Zotter,Santo Domingo,879,2012,70,Austria,3.75,Dominican Republic,,,,,
Martin Mayer,Pisa,1836,2016,82,Austria,3,Haiti,,,,,
Zotter,Huiwani Coop,879,2012,75,Austria,3,Papua New Guinea,Criollo,,,,
Zotter,Peru,647,2011,70,Austria,3.75,Peru,,,,,
Zotter,Amazonas Frucht,801,2012,65,Austria,3.5,,,,,,
Zotter,Kerala State,749,2011,65,Austria,3.5,India,Forastero,,,,
Zotter,Congo,749,2011,65,Austria,3,Congo,Forastero,,,,
Martin Mayer,Tumaco,1836,2016,74,Austria,3.25,Colombia,,,,,
Martin Mayer,Alto Beni,1836,2016,76,Austria,2.75,Bolivia,,,,,
Zotter,El Oro,879,2012,75,Austria,3,Ecuador,Forastero (Nacional),,,,
Zotter,Kerala State,781,2011,62,Austria,3.25,India,,,,,
Zokoko,Guadalcanal,1716,2016,78,Australia,3.75,Solomon Islands,,,,,
Bright,Marabel Farms,1231,2014,70,Australia,3.5,Dominican Republic,,,,,
Cravve,Vanuatu,975,2012,64,Australia,3.25,Vanuatu,Trinitario,,,,
Bright,Gran Couva,1235,2014,68,Australia,2.75,Trinidad,Trinitario,,,,
Bright,Somia Plantation,1231,2014,72,Australia,3,Madagascar,Trinitario,,,,
Cravve,Tanzania,971,2012,75,Australia,3.25,Tanzania,Forastero,,,,
Daintree,Goodman Estate,1654,2015,70,Australia,2.75,Australia,,,,,
Cravve,Bahia,975,2012,65,Australia,3.25,Brazil,Trinitario,,,,
Spencer,Malekula Island,1434,2014,72,Australia,2.75,Vanuatu,Trinitario,,,,
Bahen & Co.,Houseblend,999,2012,70,Australia,2.5,,Blend,,,,
Cravve,Vanuatu,1335,2014,83,Australia,2.75,Vanuatu,Trinitario,,,,
Haigh,South America and Africa,701,2011,70,Australia,3,South America,,,,,
Zokoko,Tokiala,701,2011,66,Australia,3.5,Papua New Guinea,Trinitario,,,,
Zokoko,Alto Beni,697,2011,68,Australia,3.5,Bolivia,,,,,
Bahen & Co.,Papua New Guinea,1474,2015,70,Australia,3.5,Papua New Guinea,,,,,
Bahen & Co.,Sambirano,995,2012,70,Australia,3,Madagascar,Trinitario,,,,
Bahen & Co.,Houseblend,1474,2015,80,Australia,3.25,,,,,,
Bahen & Co.,Bahia,999,2012,70,Australia,2.5,Brazil,,,,,
Monsieur Truffe,Papaua New Guinea,1391,2014,70,Australia,3.25,Papua New Guinea,,,,,
Cravve,Djual Island,975,2012,75,Australia,3.5,Papua New Guinea,Forastero,,,,
Matale,Blend,1181,2013,70,Australia,3.75,PNG,,,,,
Cravve,New Ireland,1283,2014,70,Australia,2.5,Papua New Guinea,Forastero,,,,
Zokoko,Goddess Blend,1780,2016,65,Australia,3.25,,,,,,
Compania de Chocolate (Salgado),Esmeraldas,296,2008,88,Argentina,2.75,Ecuador,Forastero (Nacional),,,,
Compania de Chocolate (Salgado),Sur del Lago,579,2010,70,Argentina,3.25,Venezuela,,,,,
Compania de Chocolate (Salgado),Carenero Superior,292,2008,80,Argentina,2.75,Venezuela,Trinitario,,,,
Compania de Chocolate (Salgado),Moxos,292,2008,72,Argentina,3.25,Bolivia,,,,,
Salgado,Rio Arriba,292,2008,70,Argentina,3.5,Ecuador,Forastero (Arriba) ASSS,,,,
Salgado,Bahia Superior,288,2008,70,Argentina,3.5,Brazil,Forastero,,,,
Salgado,Carenero Superior,288,2008,70,Argentina,3.5,Venezuela,Trinitario,,,,
Salgado,Esmeraldas,288,2008,70,Argentina,3.5,Ecuador,Forastero (Nacional),,,,
Compania de Chocolate (Salgado),Ocumare,292,2008,70,Argentina,3.75,Venezuela,Criollo,,,,
Chocolate Makers,Tres Hombres,1530,2015,75,Amsterdam,3.25,Dominican Republic,Trinitario,,,,
Metropolitan,South America,1688,2015,70,Amsterdam,3.5,South America,Trinitario,,,,
Bellflower,Alto Beni,,,,,,,,,,,
Benoit Nihant,Somia Plantation,,,,,,,,,,,
Cacao Sampaka,Xoconusco,,,,,,,,,,,
El Rey,Rio Caribe,,,,,,,,,,,
Fresco,Conacado,,,,,,,,,,,
Idilio (Felchlin),Carenero Superior,,,,,,,,,,,
K'ul,Los Rios,,,,,,,,,,,
Matale,Malekula P.,,,,,,,,,,,
Michel Cluizel,Carenero Superior,,,,,,,,,,,
Pacari,Ecuador,,,,,,,,,,,
Paul Young,Madagascar,,,,,,,,,,,
Pralus,Caracas,,,,,,,,,,,
Sirene,Somia Plantation,,,,,,,,,,,
Smooth Chocolator,,,,,,,,,,,,
StRita Supreme,Samar,,,,,,,,,,,
Valrhona,Loma Sotavento,,,,,,,,,,,
Woodblock,Camino Verde P.,,,,,,,,,,,
Aequare (Gianduja),Los Rios,,,,,,,,,,,
Bouga Cacao (Tulicorp),El Oro,,,,,,,,,,,
Domori,Canoabo,,,,,,,,,,,
Domori,Java,,,,,,,,,,,
El Rey,Carenero Superior,,,,,,,,,,,
Fresco,Conacado,,,,,,,,,,,
Fresco,Conacado,,,,,,,,,,,
Fresco,Sambirano Valley,,,,,,,,,,,
Fresco,Jamaica,,,,,,,,,,,
Friis Holm (Bonnat),Nicaliso,,,,,,,,,,,
Idilio (Felchlin),Ocumare,,,,,,,,,,,
Izard,Elvesia P.,,,,,,,,,,,
Madre,Xocunusco,,,,,,,,,,,
Malagos,Davao,,,,,,,,,,,
Mast Brothers,Chuao,,,,,,,,,,,
Original Beans (Felchlin),Piura,,,,,,,,,,,
Pierre Marcolini,Baracoa,,,,,,,,,,,
Woodblock,Maranon,,,,,,,,,,,
Zak's,Dominican Republic,,,,,,,,,,,
Zotter,Satipo Pangoa region,,,,,,,,,,,
Bakau,Bambamarca,,,,,,,,,,,
Beehive,Dominican Republic,,,,,,,,,,,
Cacao Atlanta,Dominican Republic,,,,,,,,,,,
Cacao de Origen,Chuao,,,,,,,,,,,
Dandelion,San Francisco de Macoris,,,,,,,,,,,
Doble & Bignall,Panama,,,,,,,,,,,
Domori,Chuao,,,,,,,,,,,
Nahua,Costa Rica,,,,,,,,,,,
Original Beans (Felchlin),Alto Beni,,,,,,,,,,,
Original Beans (Felchlin),Alto Beni,,,,,,,,,,,
Pralus,Djakarta,,,,,,,,,,,
Ritual,Camino Verde P.,,,,,,,,,,,
Tobago Estate (Pralus),Roxborough,,,,,,,,,,,
Cacao Hunters,Boyaca,,,,,,,,,,,
Castronovo,Duarte,,,,,,,,,,,
Chocolate Tree,,,,,,,,,,,,
Domori,Ocumare 67,,,,,,,,,,,
Durci,Maranon,,,,,,,,,,,
Harper Macaw,Tome Acu E.,,,,,,,,,,,
Heirloom Cacao Preservation (Millcreek),Los Rios,,,,,,,,,,,
Idilio (Felchlin),Chuao,,,,,,,,,,,
Roasting Masters,Tapanti,,,,,,,,,,,
Rogue,Camino Verde P.,,,,,,,,,,,
Soma,Sambirano Valley,,,,,,,,,,,
Valrhona,Porcelana,,,,,,,,,,,
Zak's,Madagascar,,,,,,,,,,,
C-Amaro,Lago di Como,,,,,,,,,,,
Castronovo,Maya Mtn,,,,,,,,,,,
Chocolate Tree,,,,,,,,,,,,
Dole (Guittard),O'ahu,,,,,,,,,,,
Duffy's,Rico Rugoso,,,,,,,,,,,
El Ceibo,Alto Beni,,,,,,,,,,,
El Rey,Carenero Superior,,,,,,,,,,,
iQ Chocolate,Satipo region,,,,,,,,,,,
Izard,Maya Mountain,,,,,,,,,,,
K'ul,Maranon,,,,,,,,,,,
Marou,Dak Lak,,,,,,,,,,,
Marou,Tan Phu Dong Island,,,,,,,,,,,
Rogue,Caranero,,,,,,,,,,,
Rogue,Hispaniola,,,,,,,,,,,
Silvio Bessone,Bahia,,,,,,,,,,,
Smooth Chocolator,,,,,,,,,,,,
Soma,Dancing in Your Head,,,,,,,,,,,
Adi,Vanua Levu,,,,,,,,,,,
Bittersweet Origins,Ocumare,,,,,,,,,,,
Bonnat,Maracaibo,,,,,,,,,,,
Brasstown aka It's Chocolate,Camino Verde,,,,,,,,,,,
Cacao Prieto,Dominican Republic,,,,,,,,,,,
Chocolate Makers,Peru,,,,,,,,,,,
Daintree,Daintree Estates,,,,,,,,,,,
Felchlin,Madagascar,,,,,,,,,,,
Lonohana,Haleiwa,,,,,,,,,,,
Madre,Criollo,,,,,,,,,,,
Ocho,PNG,,,,,,,,,,,
Palette de Bine,San Juan Estate,,,,,,,,,,,
Parliament,Lachua,,,,,,,,,,,
Rogue,Akessons Estate,,,,,,,,,,,
Sol Cacao,Ecuador,,,,,,,,,,,
Soma,Oko Caribe,,,,,,,,,,,
Willie's Cacao,Java,,,,,,,,,,,
AMMA,Monte Alegre,,,,,,,,,,,
Bonnat,Porcelana,,,,,,,,,,,
Caribeans,Talamanca,,,,,,,,,,,
Chocolate Tree,,,,,,,,,,,,
Chocolate Tree,,,,,,,,,,,,
Dormouse,Madagascar,,,,,,,,,,,
El Rey,Carenero Superior,,,,,,,,,,,
Fresco,Markham Valley,,,,,,,,,,,
Guittard,Los Rios,,,,,,,,,,,
Laia aka Chat-Noir,Lam Dong,,,,,,,,,,,
Nuance,Sambirano Valley,,,,,,,,,,,
Rogue,Bachelor's Hall E.,,,,,,,,,,,
Solkiki,Maranon,,,,,,,,,,,
Soma,Tien Giang,,,,,,,,,,,
Soma,Chuno,,,,,,,,,,,
Somerville,Hawaiian,,,,,,,,,,,
Szanto Tibor,Winak,,,,,,,,,,,
Szanto Tibor,Spring,,,,,,,,,,,
Amazona,Bellavista Gran Pajeten,,,,,,,,,,,
Beschle (Felchlin),Ocumare,,,,,,,,,,,
Duffy's,Chuno,,,,,,,,,,,
Friis Holm (Bonnat),Barba,,,,,,,,,,,
Heirloom Cacao Preservation (Guittard),Los Rios,,,,,,,,,,,
Indaphoria,Conacado,,,,,,,,,,,
Kerchner,La Red,,,,,,,,,,,
La Maison du Chocolat (Valrhona),Acarigua,,,,,,,,,,,
Laia aka Chat-Noir,Ivory Coast,,,,,,,,,,,
Malie Kai (Guittard),O'ahu,,,,,,,,,,,
Map Chocolate,A case of the Xerces Blues,,,,,,,,,,,
Map Chocolate,Maranon,,,,,,,,,,,
Maverick,Morropon,,,,,,,,,,,
Ocho,PNG,,,,,,,,,,,
Ohiyo,San Juan Estate,,,,,,,,,,,
Palette de Bine,Alto Beni,,,,,,,,,,,
Pump Street Bakery,Akessons Estate,,,,,,,,,,,
Soma,Dual Origins,,,,,,,,,,,
Soma,Alto Beni,,,,,,,,,,,
Vietcacao (A. Morin),Ben Tre,,,,,,,,,,,
Zotter,Loma Los Pinos,,,,,,,,,,,
Akesson's (Pralus),Bali (west),,,,,,,,,,,
Akesson's (Pralus),Madagascar,,,,,,,,,,,
Bright,Camino Verde,,,,,,,,,,,
Castronovo,Piaroa,,,,,,,,,,,
Castronovo,Guaniamo,,,,,,,,,,,
Choco Dong,Mekong Delta,,,,,,,,,,,
Chocolate Tree,,,,,,,,,,,,
Coppeneur,Ecuador,,,,,,,,,,,
De Mendes,Nativo,,,,,,,,,,,
Fresco,Maranon,,,,,,,,,,,
Hummingbird,Bolivia,,,,,,,,,,,
Idilio (Felchlin),Sur del Lago,,,,,,,,,,,
La Maison du Chocolat (Valrhona),Cuana,,,,,,,,,,,
Matale,Somia,,,,,,,,,,,
Middlebury,Balinese,,,,,,,,,,,
Patric,Rio Caribe,,,,,,,,,,,
Quetzalli (Wolter),Mexico,,,,,,,,,,,
Solkiki,Castillo,,,,,,,,,,,
Valrhona,Piura,,,,,,,,,,,
Wellington Chocolate Factory,Piura Blanco,,,,,,,,,,,
Zak's,Papua New Guinea,,,,,,,,,,,
Zak's,House Blend,,,,,,,,,,,
Zotter,Kongo,,,,,,,,,,,
Aequare (Gianduja),Los Rios,,,,,,,,,,,
Amedei,Piura,,,,,,,,,,,
Bellflower,Oko Caribe,,,,,,,,,,,
Cacao Sampaka,Porcelana,,,,,,,,,,,
Ethel's Artisan (Mars),Peru,,,,,,,,,,,
Fresco,Maranon,,,,,,,,,,,
Fresco,San Martin,,,,,,,,,,,
Fresco,Chuao,,,,,,,,,,,
Honest,Ecuador,,,,,,,,,,,
Kah Kow,Rizek Cacao,,,,,,,,,,,
Laia aka Chat-Noir,Sao Tome,,,,,,,,,,,
Madre,Hamakua Coast,,,,,,,,,,,
Mast Brothers,Chuao,,,,,,,,,,,
Nuance,Canoabo,,,,,,,,,,,
Omnom,Kakao Kamili,,,,,,,,,,,
Ritual,Maranon,,,,,,,,,,,
Rogue,Sambirano,,,,,,,,,,,
Soma,Abstract S. w/ Jamaica nibs,,,,,,,,,,,
Soma,Rizek Cacao,,,,,,,,,,,
Szanto Tibor,Autumn,,,,,,,,,,,
Tejas,La Bahia,,,,,,,,,,,
Alain Ducasse,Piura,,,,,,,,,,,
Brasstown aka It's Chocolate,Chuao,,,,,,,,,,,
Dandelion,Camino Verde P.,,,,,,,,,,,
Fossa,Akesson's E.,,,,,,,,,,,
French Broad,Palo Blanco,,,,,,,,,,,
French Broad,Palo Blanco w/ panela,,,,,,,,,,,
Heirloom Cacao Preservation (Mindo),Pinchincha,,,,,,,,,,,
Laia aka Chat-Noir,Madagascar,,,,,,,,,,,
Pitch Dark,Camino Verde P.,,,,,,,,,,,
Ritual,Toledo District,,,,,,,,,,,
Rogue,Silvestre,,,,,,,,,,,
Szanto Tibor,Fazenda Sempre Firme,,,,,,,,,,,
Szanto Tibor,Ben Tre,,,,,,,,,,,
twenty-four blackbirds,Cedeno,,,,,,,,,,,
Valrhona,Sambirano,,,,,,,,,,,
Beschle (Felchlin),Carenero S.,,,,,,,,,,,
Hotel Chocolat (Coppeneur),Chanchamayo,,,,,,,,,,,
Map Chocolate,San Juan Estate,,,,,,,,,,,
Nova Monda,La Dalia,,,,,,,,,,,
Ocho,PNG,,,,,,,,,,,
Rococo (Grenada Chocolate Co.),Gru Grococo,,,,,,,,,,,
Smooth Chocolator,,,,,,,,,,,,
Soma,Espiritu Santo,,,,,,,,,,,
Tejas,Bahia,,,,,,,,,,,
Zak's,Belize,,,,,,,,,,,
Askinosie,Tenende,,,,,,,,,,,
Bellflower,Kakao Kamili,,,,,,,,,,,
Bouga Cacao (Tulicorp),El Oro,,,,,,,,,,,
Coppeneur,Porcelana,,,,,,,,,,,
Coppeneur,Porcelana,,,,,,,,,,,
Domori,Carupano,,,,,,,,,,,
Domori,Ocumare 61,,,,,,,,,,,
Eclat (Felchlin),Maranon,,,,,,,,,,,
Fresco,Markham Valley,,,,,,,,,,,
Heirloom Cacao Preservation (Brasstown),Maya Mtn,,,,,,,,,,,
K'ul,Bahia,,,,,,,,,,,
La Maison du Chocolat (Valrhona),Cuana,,,,,,,,,,,
Manoa,Hamakua,,,,,,,,,,,
Map Chocolate,ROIG,,,,,,,,,,,
Nova Monda,Punta Galera,,,,,,,,,,,
Ranger,San Martin,,,,,,,,,,,
Rogue,Hispaniola,,,,,,,,,,,
Sirene,Camino Verde P.,,,,,,,,,,,
Smooth Chocolator,,,,,,,,,,,,
Tabal,Chiapas,,,,,,,,,,,
Akesson's (Pralus),Monte Alegre,,,,,,,,,,,
Bakau,Huallabamba,,,,,,,,,,,
Benoit Nihant,Bali,,,,,,,,,,,
Cacao de Origen,Chuao,,,,,,,,,,,
Choco Dong,Tawau,,,,,,,,,,,
Coppeneur,Porcelana,,,,,,,,,,,
Dandelion,Zorzal Reserva,,,,,,,,,,,
Danta,Oscuro,,,,,,,,,,,
Friis Holm (Bonnat),Johe,,,,,,,,,,,
Garden Island,Kaua'I,,,,,,,,,,,
Hotel Chocolat (Coppeneur),Island Growers,,,,,,,,,,,
Laia aka Chat-Noir,Vietnam,,,,,,,,,,,
Mars,Matina 1-6,,,,,,,,,,,
Moho,Umoho R.,,,,,,,,,,,
Nahua,Costa Rica,,,,,,,,,,,
Original Beans (Felchlin),Grand Cru Blend No.1,,,,,,,,,,,
Potomac,Oko Caribe,,,,,,,,,,,
Ritual,Camino Verde P.,,,,,,,,,,,
Sirene,Esmeraldas,,,,,,,,,,,
Soma,Three Amigos(Chuao,,,,,,,,,,,
Valrhona,Otucan,,,,,,,,,,,
Vintage Plantations (Tulicorp),Los Rios,,,,,,,,,,,
Zart Pralinen,Kakao Kamili,,,,,,,,,,,
Zokoko,Tranquilidad,,,,,,,,,,,
Chocolate Alchemist-Philly,Tumbes,,,,,,,,,,,
De Mendes,Selvagem,,,,,,,,,,,
Durci,Rio Caribe,,,,,,,,,,,
Friis Holm (Bonnat),Chuno,,,,,,,,,,,
Fruition,Coto Brus,,,,,,,,,,,
Hotel Chocolat (Coppeneur),Los Rios,,,,,,,,,,,
Idilio (Felchlin),Sur del Lago,,,,,,,,,,,
Lonohana,Haleiwa E,,,,,,,,,,,
Marou,Tien Giang,,,,,,,,,,,
Original Hawaiin Chocolate Factory,Hawai'i,,,,,,,,,,,
Pralus,Monte Alegre (Itacare),,,,,,,,,,,
Ranger,Chulucanas,,,,,,,,,,,
Sirene,Lachua w/ maple sugar,,,,,,,,,,,
Sirene,Camino Verde P.,,,,,,,,,,,
Szanto Tibor,Ayacucho,,,,,,,,,,,
Upchurch,Madagascar,,,,,,,,,,,
Acalli,Tumbes,,,,,,,,,,,
Blanxart,Congo,,,,,,,,,,,
Dandelion,Elvesia,,,,,,,,,,,
Dick Taylor,Alto Beni,,,,,,,,,,,
Duffy's,Indio Rojo,,,,,,,,,,,
Fossa,Kokoa Kamili Coop,,,,,,,,,,,
Idilio (Felchlin),Ocumare,,,,,,,,,,,
Kiskadee,La Red,,,,,,,,,,,
Laia aka Chat-Noir,Peru,,,,,,,,,,,
Map Chocolate,Tumbes,,,,,,,,,,,
Mesocacao,La Tronca,,,,,,,,,,,
Obolo,Pangoa,,,,,,,,,,,
Shark's,Hilo,,,,,,,,,,,
Silvio Bessone,Trintade,,,,,,,,,,,
Smooth Chocolator,,,,,,,,,,,,
Soma,Maracaibo,,,,,,,,,,,
Vintage Plantations (Tulicorp),Los Rios,,,,,,,,,,,
Fresco,Markham Valley,,,,,,,,,,,
Friis Holm (Bonnat),Chuno,,,,,,,,,,,
Glennmade,Toledo District,,,,,,,,,,,
Guittard,O'ahu,,,,,,,,,,,
Heirloom Cacao Preservation (Fruition),Cota Brus,,,,,,,,,,,
Hotel Chocolat,Marcial,,,,,,,,,,,
Letterpress,La Red,,,,,,,,,,,
Pierre Marcolini,Haut Penja,,,,,,,,,,,
Pierre Marcolini,Porcelana,,,,,,,,,,,
Pitch Dark,Camino Verde P.,,,,,,,,,,,
Ranger,Tumbes,,,,,,,,,,,
Stella (aka Bernrain),Bahia,,,,,,,,,,,
Zart Pralinen,Kakao Kamili,,,,,,,,,,,
AMMA,Monte Alegre,,,,,,,,,,,
Bisou,San Andres,,,,,,,,,,,
Blue Bandana,Akesson's E.,,,,,,,,,,,
Bonnat,Porcelana,,,,,,,,,,,
Cacao Prieto,Criollo,,,,,,,,,,,
De Villiers,Sambirano Valley,,,,,,,,,,,
El Rey,Rio Caribe,,,,,,,,,,,
Fruition,Wild Bolivian,,,,,,,,,,,
Heirloom Cacao Preservation (Zokoko),Alto Beni,,,,,,,,,,,
Hotel Chocolat (Coppeneur),Los Rios,,,,,,,,,,,
Idilio (Felchlin),Choroni,,,,,,,,,,,
Kah Kow,Rizek Cacao,,,,,,,,,,,
Meadowlands,Nicaragua,,,,,,,,,,,
Nibble,Ambanja,,,,,,,,,,,
Potomac,San Martin,,,,,,,,,,,
Pralus,Barlovento,,,,,,,,,,,
Pump Street Bakery,Crayfish Bay Estate,,,,,,,,,,,
Ritual,Camino Verde P.,,,,,,,,,,,
Rozsavolgyi,Sambirano,,,,,,,,,,,
Smooth Chocolator,,,,,,,,,,,,
Taza,Dark,,,,,,,,,,,
Zotter,Satipo Pangoa region,,,,,,,,,,,
Zotter,Brazil,,,,,,,,,,,
Amano,Bali,,,,,,,,,,,
Artisan du Chocolat,Colombia,,,,,,,,,,,
Beschle (Felchlin),Porcelana,,,,,,,,,,,
Bisou,Nicaragua,,,,,,,,,,,
Bonnat,Los Colorados,,,,,,,,,,,
Bonnat,Porcelana,,,,,,,,,,,
Cloudforest,Camino Verde P.,,,,,,,,,,,
Dandelion,Maya Mtn.,,,,,,,,,,,
El Rey,Carenero Superior,,,,,,,,,,,
Fresco,Maranon,,,,,,,,,,,
Fresco,Carenero Superior,,,,,,,,,,,
Hotel Chocolat (Coppeneur),Conacado,,,,,,,,,,,
Hotel Chocolat (Coppeneur),Island Growers,,,,,,,,,,,
Hummingbird,Ocumare,,,,,,,,,,,
Kah Kow,Rizek Cacao,,,,,,,,,,,
Lonohana,Opaeula Estate,,,,,,,,,,,
Madre,Chiapas,,,,,,,,,,,
Marou,Tan Phu Dong,,,,,,,,,,,
Mesocacao,La Tronca,,,,,,,,,,,
Pierre Marcolini,Sambirano,,,,,,,,,,,
Potomac,Upala,,,,,,,,,,,
Roasting Masters,La Dorado,,,,,,,,,,,
Smooth Chocolator,,,,,,,,,,,,
Theo,Ghana,,,,,,,,,,,
Zak's,Peru,,,,,,,,,,,
Artisan du Chocolat (Casa Luker),Orinoqua Region,,,,,,,,,,,
Beschle (Felchlin),Indigena Amazonia,,,,,,,,,,,
Burnt Fork Bend,Ecuador,,,,,,,,,,,
Cacao Market,Jutiapa,,,,,,,,,,,
Cacao Prieto,Dominican Republicm,,,,,,,,,,,
Chocolate Makers,Congo,,,,,,,,,,,
French Broad,Palo Blanco,,,,,,,,,,,
Fresco,Markham Valley,,,,,,,,,,,
Fresco,Ghana,,,,,,,,,,,
Fresco,Jamaica,,,,,,,,,,,
Fresco,Jamaica,,,,,,,,,,,
Mars,Ghana,,,,,,,,,,,
Mast Brothers,La Red de Guanconejo,,,,,,,,,,,
Michel Cluizel,Chiapas,,,,,,,,,,,
Middlebury,Patanemo,,,,,,,,,,,
Naive,Maranon Canyon,,,,,,,,,,,
Patric,Piura,,,,,,,,,,,
Rogue,La Masica,,,,,,,,,,,
Sirene,Somia Plantation,,,,,,,,,,,
Smooth Chocolator,,,,,,,,,,,,
Smooth Chocolator,,,,,,,,,,,,
Soma,Sangre Grande P.,,,,,,,,,,,
Stone Grindz,Ecuador,,,,,,,,,,,
StRita Supreme,Samar,,,,,,,,,,,
StRita Supreme,Samar,,,,,,,,,,,
Tsara (Cinagra),Ambanja,,,,,,,,,,,
Valrhona,Porcelana,,,,,,,,,,,
Acalli,Chulucanas,,,,,,,,,,,
Beschle (Felchlin),Java,,,,,,,,,,,
Bisou,San Andres,,,,,,,,,,,
Chocosol,Chiapas,,,,,,,,,,,
Chocovic,Bolivar,,,,,,,,,,,
Fossa,Camino Verde P.,,,,,,,,,,,
Fresco,Bellavista Coop,,,,,,,,,,,
Fresco,Sambirano Valley,,,,,,,,,,,
Fresco,Conacado,,,,,,,,,,,
Fresco,Chuao,,,,,,,,,,,
Friis Holm (Bonnat),Red Mayan,,,,,,,,,,,
Friis Holm (Bonnat),Chuno,,,,,,,,,,,
Laia aka Chat-Noir,Bahia,,,,,,,,,,,
Manoa,Oahu,,,,,,,,,,,
Mast Brothers,Dominican Republic,,,,,,,,,,,
Middlebury,Matagalpa,,,,,,,,,,,
Original Hawaiin Chocolate Factory,Hawai'i,,,,,,,,,,,
Palette de Bine,Silvestre,,,,,,,,,,,
Pierre Marcolini,Peru,,,,,,,,,,,
Rozsavolgyi,Rio Caribe Superior,,,,,,,,,,,
Rozsavolgyi,Aragua,,,,,,,,,,,
Spencer,Ecuador,,,,,,,,,,,
Theo,Venezuela; Barinos,,,,,,,,,,,
Zotter,Indianer,,,,,,,,,,,
Belyzium,Belize south,,,,,,,,,,,
Bonnat,Cusco,,,,,,,,,,,
Brazen,Alta Verapaz,,,,,,,,,,,
Coppeneur,Porcelana,,,,,,,,,,,
Duffy's,Rio Dulce,,,,,,,,,,,
Duffy's,Corazon del Ecuador,,,,,,,,,,,
Durci,Carenero,,,,,,,,,,,
Guittard,Epique,,,,,,,,,,,
Guittard,Sambirano,,,,,,,,,,,
Heirloom Cacao Preservation (Guittard),Alto Beni,,,,,,,,,,,
Heirloom Cacao Preservation (Manoa),Maunawili,,,,,,,,,,,
Heirloom Cacao Preservation (Zokoko),Wild Beni,,,,,,,,,,,
Holy Cacao,Camino Verde P.,,,,,,,,,,,
Hotel Chocolat (Coppeneur),Los Rios,,,,,,,,,,,
Laia aka Chat-Noir,Cuba,,,,,,,,,,,
Manoa,Liberia,,,,,,,,,,,
Map Chocolate,Kakoa Kamili,,,,,,,,,,,
Moho,Toledo District,,,,,,,,,,,
Nuance,Ecuador,,,,,,,,,,,
Nuance,Ghana,,,,,,,,,,,
Paul Young,Madagascar,,,,,,,,,,,
Pralus,Porcelana,,,,,,,,,,,
Pralus,Sambirano Valley,,,,,,,,,,,
Quetzalli (Wolter),Uranga,,,,,,,,,,,
Soma,Bachelor's Hall E.,,,,,,,,,,,
Soma,Apurimac,,,,,,,,,,,
Soma,Elvesia P.,,,,,,,,,,,
Artisan du Chocolat,Trinidad,,,,,,,,,,,
Bittersweet Origins,Bali,,,,,,,,,,,
Captain Pembleton,Saidor Estate,,,,,,,,,,,
Creo,"""heirloom""",,,,,,,,,,,
Domori,IL100,,,,,,,,,,,
French Broad,Maranon Canyon,,,,,,,,,,,
Fresco,Maranon,,,,,,,,,,,
Grand Place,Ben Tre,,,,,,,,,,,
Heirloom Cacao Preservation (Guittard),Wild Beni,,,,,,,,,,,
Idilio (Felchlin),Porcelana,,,,,,,,,,,
Lonohana,Haleiwa E,,,,,,,,,,,
Oialla by Bojessen (Malmo),Sylvestre,,,,,,,,,,,
Pacari,Sierra Nevada,,,,,,,,,,,
Smooth Chocolator,,,,,,,,,,,,
Timo A. Meyer,Belize,,,,,,,,,,,
Urzi,Sur del Lago,,,,,,,,,,,
Beehive,Ecuador,,,,,,,,,,,
Caribeans,Antigua,,,,,,,,,,,
Castronovo,the lost city,,,,,,,,,,,
Coppeneur,Los Rios,,,,,,,,,,,
Dormouse,Colombia,,,,,,,,,,,
Fearless (AMMA),Monte Alegre,,,,,,,,,,,
K'ul,Kafupbo,,,,,,,,,,,
Letterpress,San Juan Estate,,,,,,,,,,,
Lonohana,Hawaiian Crown,,,,,,,,,,,
Pierre Marcolini,Los Rios,,,,,,,,,,,
Pierre Marcolini,Ocumare,,,,,,,,,,,
Soma,Bahia Black,,,,,,,,,,,
Stone Grindz,Ecuador,,,,,,,,,,,
Vintage Plantations (Tulicorp),Los Rios,,,,,,,,,,,
Adi,Vanua Levu,,,,,,,,,,,
Amazona,LamasdelChanka,,,,,,,,,,,
Arete,Puerto Quito,,,,,,,,,,,
Beehive,Brazil,,,,,,,,,,,
Bonnat,Xoconusco,,,,,,,,,,,
Chocolate Alchemist-Philly,Philly Blend,,,,,,,,,,,
Choocsol,Chiapas,,,,,,,,,,,
Coppeneur,Sambirano,,,,,,,,,,,
Dick Taylor,Ecuador,,,,,,,,,,,
Ethel's Artisan (Mars),Venezuela,,,,,,,,,,,
Fresco,Sambirano Valley,,,,,,,,,,,
Friis Holm (Bonnat),Medagla,,,,,,,,,,,
La Maison du Chocolat (Valrhona),Porcelana,,,,,,,,,,,
Madre,Choobua,,,,,,,,,,,
Potomac,Cuyagua,,,,,,,,,,,
Ritual,Mid Mountain,,,,,,,,,,,
Smooth Chocolator,,,,,,,,,,,,
Soma,La Tronca,,,,,,,,,,,
Spencer,Madagascar,,,,,,,,,,,
Theobroma,Piura Select,,,,,,,,,,,
Tocoti,Wild Bolivian,,,,,,,,,,,
Upchurch,Tanzania,,,,,,,,,,,
Valrhona,Andoa,,,,,,,,,,,
Vintage Plantations (Tulicorp),Los Rios,,,,,,,,,,,
Bonnat,Madagascar,,,,,,,,,,,
Choklat,Porcelana,,,,,,,,,,,
Christopher Morel (Felchlin),Maranon Canyon,,,,,,,,,,,
Duffy's,Bocas del Toro,,,,,,,,,,,
Escazu,Carenero,,,,,,,,,,,
Harper Macaw,Vale do Juliana,,,,,,,,,,,
Kah Kow,Rizek Cacao,,,,,,,,,,,
Lillie Belle,Bolivia,,,,,,,,,,,
Malie Kai (Guittard),O'ahu,,,,,,,,,,,
Metiisto,Fazenda Sempre Firme P.,,,,,,,,,,,
Palette de Bine,Camino Verde P.,,,,,,,,,,,
Pierre Marcolini,Bahia Brazil,,,,,,,,,,,
Pierre Marcolini,Kendem Lembu,,,,,,,,,,,
Pierre Marcolini,Porcelana,,,,,,,,,,,
Pralus,Java,,,,,,,,,,,
Republica del Cacao (aka Confecta),Los Rios,,,,,,,,,,,
Rogue,Silvestre,,,,,,,,,,,
Shark Mountain,Belize,,,,,,,,,,,
Smooth Chocolator,,,,,,,,,,,,
Smooth Chocolator,,,,,,,,,,,,
Theo,Ghana,,,,,,,,,,,
Zotter,Bocas del Toro,,,,,,,,,,,
Bittersweet Origins,Sambirano,,,,,,,,,,,
Bonnat,Ocumare,,,,,,,,,,,
Cao,Porcelana,,,,,,,,,,,
Cravve,Namau Village,,,,,,,,,,,
Dandelion,Mantuano,,,,,,,,,,,
Doble & Bignall,Puerto Cabello,,,,,,,,,,,
Dormouse,Rio Caribe,,,,,,,,,,,
Fresco,Jamaica,,,,,,,,,,,
Fresco,Jamaica,,,,,,,,,,,
Harper Macaw,Vale do Juliana E.,,,,,,,,,,,
Hotel Chocolat,Pepiniere,,,,,,,,,,,
Hotel Chocolat,Island Growers,,,,,,,,,,,
Hotel Chocolat (Coppeneur),Los Rios,,,,,,,,,,,
Lonohana,Opaeula Estate,,,,,,,,,,,
Manoa,Waiahole,,,,,,,,,,,
Mast Brothers,Chuao,,,,,,,,,,,
Matale,Kulili P.,,,,,,,,,,,
Original Beans (Felchlin),D.R. Congo,,,,,,,,,,,
Pomm (aka Dead Dog),La Red,,,,,,,,,,,
Pump Street Bakery,Akesson's,,,,,,,,,,,
Pump Street Bakery,Patanemo Vil.,,,,,,,,,,,
Soma,Grenada,,,,,,,,,,,
Spencer,Dominican Republic,,,,,,,,,,,
Starchild,Bolivar,,,,,,,,,,,
Valrhona,Porcelana,,,,,,,,,,,
Zart Pralinen,Millot P.,,,,,,,,,,,
AMMA,Monte Alegre,,,,,,,,,,,
AMMA,Monte Alegre,,,,,,,,,,,
Artisan du Chocolat,Ocumare,,,,,,,,,,,
Batch,Dominican Republic,,,,,,,,,,,
Bittersweet Origins,Bali,,,,,,,,,,,
Chocolate Tree,,,,,,,,,,,,
Creo,"""heirloom""",,,,,,,,,,,
Dandelion,Cumboto,,,,,,,,,,,
Duffy's,Nicaliso,,,,,,,,,,,
Felchlin,Alto Beni,,,,,,,,,,,
Friis Holm (Bonnat),Rugoso,,,,,,,,,,,
Heirloom Cacao Preservation (Guittard),Maunawili,,,,,,,,,,,
Hotel Chocolat (Coppeneur),Somia Plantation,,,,,,,,,,,
Lillie Belle,The Other One,,,,,,,,,,,
Mission,Bahia,,,,,,,,,,,
Nova Monda,La Patriota,,,,,,,,,,,
Ocho,PNG,,,,,,,,,,,
Potomac,Upala,,,,,,,,,,,
Pralus,Monte Alegre,,,,,,,,,,,
Pralus,Madagascar,,,,,,,,,,,
Rogue,Tranquilidad,,,,,,,,,,,
Silvio Bessone,Porcelana,,,,,,,,,,,
Sirene,Somia Plantation,,,,,,,,,,,
Smooth Chocolator,,,,,,,,,,,,
Soma,Camino Verde,,,,,,,,,,,
Soma,Camino Verde P.,,,,,,,,,,,
Tejas,La Bahia,,,,,,,,,,,
